team_name,dribbling,play_speed,passing,crossing_creation,passing_creation,shooting_creation,def_agression,def_pressure,def_width,date
1. FC Kaiserslautern,,45,55,70,45,70,70,70,70,2010-02-22 00:00:00
1. FC Kaiserslautern,,48,42,68,49,53,48,38,53,2011-02-22 00:00:00
1. FC Kaiserslautern,,38,54,49,43,64,51,37,53,2012-02-22 00:00:00
1. FC Kaiserslautern,,61,54,62,43,56,50,48,53,2013-09-20 00:00:00
1. FC Kaiserslautern,48,66,53,69,54,51,47,47,49,2014-09-19 00:00:00
1. FC Kaiserslautern,54,49,52,54,49,64,51,41,53,2015-09-10 00:00:00
1. FC Köln,,55,65,40,65,60,55,45,70,2010-02-22 00:00:00
1. FC Köln,,58,71,39,42,50,40,40,56,2011-02-22 00:00:00
1. FC Köln,,53,53,44,57,57,55,43,67,2012-02-22 00:00:00
1. FC Köln,,60,56,44,57,57,55,43,67,2013-09-20 00:00:00
1. FC Köln,53,59,57,47,53,59,46,57,54,2014-09-19 00:00:00
1. FC Köln,47,59,65,36,57,71,56,42,51,2015-09-10 00:00:00
1. FC Nürnberg,,45,50,70,40,70,55,55,40,2010-02-22 00:00:00
1. FC Nürnberg,,45,50,45,47,56,61,55,46,2011-02-22 00:00:00
1. FC Nürnberg,,44,49,49,51,48,40,30,43,2012-02-22 00:00:00
1. FC Nürnberg,,46,49,54,56,67,57,39,44,2013-09-20 00:00:00
1. FC Nürnberg,62,46,38,48,58,55,50,51,47,2014-09-19 00:00:00
1. FC Nürnberg,58,46,49,52,51,59,40,30,44,2015-09-10 00:00:00
1. FSV Mainz 05,,45,40,70,45,70,70,50,50,2010-02-22 00:00:00
1. FSV Mainz 05,,65,50,62,59,53,53,57,43,2011-02-22 00:00:00
1. FSV Mainz 05,,68,57,39,55,60,65,52,53,2012-02-22 00:00:00
1. FSV Mainz 05,,66,52,37,55,56,65,48,53,2013-09-20 00:00:00
1. FSV Mainz 05,54,67,57,38,55,44,60,53,52,2014-09-19 00:00:00
1. FSV Mainz 05,43,60,53,40,49,44,62,55,47,2015-09-10 00:00:00
AC Ajaccio,,60,40,35,45,55,70,30,30,2010-02-22 00:00:00
AC Ajaccio,,65,45,65,65,50,45,45,50,2011-02-22 00:00:00
AC Ajaccio,,59,52,34,48,52,47,38,53,2012-02-22 00:00:00
AC Ajaccio,,59,52,34,48,52,47,38,53,2013-09-20 00:00:00
AC Ajaccio,57,59,52,38,48,52,47,38,53,2014-09-19 00:00:00
AC Ajaccio,57,59,52,38,48,52,47,38,53,2015-09-10 00:00:00
AC Arles-Avignon,,50,65,35,30,30,50,30,35,2010-02-22 00:00:00
AC Arles-Avignon,,50,65,35,35,35,45,25,35,2011-02-22 00:00:00
AC Arles-Avignon,,23,33,40,49,43,32,44,36,2012-02-22 00:00:00
AC Arles-Avignon,,41,48,40,58,43,43,39,58,2013-09-20 00:00:00
AC Arles-Avignon,48,39,54,40,49,43,53,44,57,2014-09-19 00:00:00
AC Arles-Avignon,46,56,54,40,55,43,53,48,57,2015-09-10 00:00:00
AC Bellinzona,,40,50,65,55,55,50,45,55,2010-02-22 00:00:00
AC Bellinzona,,47,54,38,55,55,50,32,56,2011-02-22 00:00:00
ADO Den Haag,,30,35,50,30,65,30,30,30,2010-02-22 00:00:00
ADO Den Haag,,53,53,67,48,66,62,46,65,2011-02-22 00:00:00
ADO Den Haag,,38,44,60,55,44,58,50,62,2012-02-22 00:00:00
ADO Den Haag,,38,47,55,55,44,58,50,52,2013-09-20 00:00:00
ADO Den Haag,47,58,55,52,55,44,50,57,52,2014-09-19 00:00:00
ADO Den Haag,40,56,66,52,55,38,50,40,52,2015-09-10 00:00:00
AJ Auxerre,,30,70,65,35,35,55,30,30,2010-02-22 00:00:00
AJ Auxerre,,35,65,65,35,50,45,35,65,2011-02-22 00:00:00
AJ Auxerre,,64,49,63,51,50,45,34,36,2012-02-22 00:00:00
AJ Auxerre,,64,49,63,51,50,45,34,41,2013-09-20 00:00:00
AJ Auxerre,55,64,49,63,51,50,45,34,36,2014-09-19 00:00:00
AJ Auxerre,55,64,49,63,51,50,45,34,40,2015-09-10 00:00:00
AS Monaco,,35,55,55,65,45,65,70,70,2010-02-22 00:00:00
AS Monaco,,65,50,35,65,50,55,35,50,2011-02-22 00:00:00
AS Monaco,,52,48,37,37,37,34,35,51,2012-02-22 00:00:00
AS Monaco,,52,48,37,37,37,34,35,51,2013-09-20 00:00:00
AS Monaco,68,52,48,37,37,37,34,35,51,2014-09-19 00:00:00
AS Monaco,42,52,43,56,54,23,62,56,51,2015-09-10 00:00:00
AS Nancy-Lorraine,,65,40,70,60,30,70,70,70,2010-02-22 00:00:00
AS Nancy-Lorraine,,35,35,65,35,35,55,35,50,2011-02-22 00:00:00
AS Nancy-Lorraine,,49,49,53,52,67,46,43,50,2012-02-22 00:00:00
AS Nancy-Lorraine,,49,49,53,52,67,46,43,50,2013-09-20 00:00:00
AS Nancy-Lorraine,48,49,49,53,52,67,46,43,50,2014-09-19 00:00:00
AS Nancy-Lorraine,48,49,49,53,52,67,46,43,50,2015-09-10 00:00:00
AS Saint-Étienne,,65,65,60,55,60,30,30,30,2010-02-22 00:00:00
AS Saint-Étienne,,65,35,65,35,65,45,35,65,2011-02-22 00:00:00
AS Saint-Étienne,,49,52,52,48,52,44,35,50,2012-02-22 00:00:00
AS Saint-Étienne,,49,52,52,48,52,44,35,50,2013-09-20 00:00:00
AS Saint-Étienne,55,58,52,52,48,52,44,35,50,2014-09-19 00:00:00
AS Saint-Étienne,55,58,52,64,48,52,51,48,49,2015-09-10 00:00:00
AZ,,55,45,30,40,60,30,30,50,2010-02-22 00:00:00
AZ,,45,31,74,45,66,50,60,65,2011-02-22 00:00:00
AZ,,46,36,48,47,52,65,60,59,2012-02-22 00:00:00
AZ,,62,40,48,67,52,65,50,59,2013-09-20 00:00:00
AZ,38,52,46,56,60,52,61,50,55,2014-09-19 00:00:00
AZ,46,50,58,56,67,50,61,50,55,2015-09-10 00:00:00
Aberdeen,,70,70,70,70,70,70,60,70,2010-02-22 00:00:00
Aberdeen,,47,52,48,53,52,47,47,52,2011-02-22 00:00:00
Aberdeen,,58,62,70,45,55,40,40,60,2012-02-22 00:00:00
Aberdeen,,62,45,50,40,55,42,42,60,2013-09-20 00:00:00
Aberdeen,64,58,62,68,56,57,42,41,60,2014-09-19 00:00:00
Aberdeen,64,59,53,72,51,63,45,49,63,2015-09-10 00:00:00
Académica de Coimbra,,30,30,60,50,55,30,30,30,2010-02-22 00:00:00
Académica de Coimbra,,30,50,50,50,55,45,30,65,2011-02-22 00:00:00
Académica de Coimbra,,45,44,57,55,60,38,52,61,2012-02-22 00:00:00
Académica de Coimbra,,45,44,57,55,60,38,52,61,2013-09-20 00:00:00
Académica de Coimbra,53,52,44,51,55,60,38,39,61,2014-09-19 00:00:00
Académica de Coimbra,53,53,44,51,55,60,38,39,61,2015-09-10 00:00:00
Ajax,,30,30,60,50,70,30,30,30,2010-02-22 00:00:00
Ajax,,40,38,65,67,67,57,65,63,2011-02-22 00:00:00
Ajax,,31,33,64,39,46,65,68,60,2012-02-22 00:00:00
Ajax,,35,33,52,39,46,65,68,50,2013-09-20 00:00:00
Ajax,40,40,30,55,51,39,53,64,64,2014-09-19 00:00:00
Ajax,43,35,39,55,58,30,53,64,59,2015-09-10 00:00:00
Angers SCO,,45,35,50,35,60,55,30,30,2010-02-22 00:00:00
Angers SCO,,65,50,65,50,65,45,45,50,2011-02-22 00:00:00
Angers SCO,,50,50,52,52,48,44,44,51,2012-02-22 00:00:00
Angers SCO,,50,50,52,52,48,44,44,51,2013-09-20 00:00:00
Angers SCO,61,48,50,52,40,48,44,44,51,2014-09-19 00:00:00
Angers SCO,61,48,50,52,40,48,44,44,51,2015-09-10 00:00:00
Arka Gdynia,,30,45,35,45,70,70,65,70,2010-02-22 00:00:00
Arka Gdynia,,46,37,62,33,52,48,47,45,2011-02-22 00:00:00
Arsenal,,66,30,45,30,35,40,30,50,2010-02-22 00:00:00
Arsenal,,75,40,45,40,65,40,50,45,2011-02-22 00:00:00
Arsenal,,25,32,34,41,30,57,57,52,2012-02-22 00:00:00
Arsenal,,30,29,55,41,39,54,64,52,2013-09-20 00:00:00
Arsenal,51,59,26,55,28,64,44,51,52,2014-09-19 00:00:00
Arsenal,51,59,30,44,28,46,44,51,52,2015-09-10 00:00:00
Aston Villa,,70,59,70,65,50,70,30,30,2010-02-22 00:00:00
Aston Villa,,65,50,55,45,50,45,35,65,2011-02-22 00:00:00
Aston Villa,,67,58,60,44,56,50,43,52,2012-02-22 00:00:00
Aston Villa,,63,59,55,52,34,41,39,54,2013-09-20 00:00:00
Aston Villa,32,66,72,48,63,56,42,39,52,2014-09-19 00:00:00
Aston Villa,37,63,54,48,60,38,44,35,54,2015-09-10 00:00:00
Atalanta,,35,40,30,35,55,30,30,55,2010-02-22 00:00:00
Atalanta,,65,50,65,50,55,55,45,65,2011-02-22 00:00:00
Atalanta,,40,50,47,53,50,42,55,50,2012-02-22 00:00:00
Atalanta,,64,36,49,38,51,53,54,49,2013-09-20 00:00:00
Atalanta,45,64,37,49,38,51,66,36,49,2014-09-19 00:00:00
Atalanta,45,64,37,49,38,51,63,36,49,2015-09-10 00:00:00
Athletic Club de Bilbao,,60,45,70,35,55,70,30,35,2010-02-22 00:00:00
Athletic Club de Bilbao,,70,69,72,55,57,67,48,55,2011-02-22 00:00:00
Athletic Club de Bilbao,,42,59,78,36,59,60,37,68,2012-02-22 00:00:00
Athletic Club de Bilbao,,46,38,73,52,37,60,37,68,2013-09-20 00:00:00
Athletic Club de Bilbao,41,46,38,68,52,37,60,37,65,2014-09-19 00:00:00
Athletic Club de Bilbao,46,46,39,60,50,36,57,49,50,2015-09-10 00:00:00
Atlético Madrid,,64,30,50,65,70,34,70,55,2010-02-22 00:00:00
Atlético Madrid,,57,54,69,58,79,48,58,54,2011-02-22 00:00:00
Atlético Madrid,,47,51,63,67,54,37,52,55,2012-02-22 00:00:00
Atlético Madrid,,47,51,65,70,54,37,52,55,2013-09-20 00:00:00
Atlético Madrid,52,47,51,67,67,54,37,52,55,2014-09-19 00:00:00
Atlético Madrid,50,57,50,62,61,49,42,49,52,2015-09-10 00:00:00
BSC Young Boys,,55,55,70,55,60,55,55,60,2010-02-22 00:00:00
BSC Young Boys,,60,57,69,65,68,49,48,61,2011-02-22 00:00:00
BSC Young Boys,,52,69,70,39,46,34,44,50,2012-02-22 00:00:00
BSC Young Boys,,52,69,70,39,46,34,44,50,2013-09-20 00:00:00
BSC Young Boys,56,52,64,66,39,46,34,44,50,2014-09-19 00:00:00
BSC Young Boys,56,52,64,66,39,46,34,44,50,2015-09-10 00:00:00
Bari,,30,30,40,30,65,30,40,45,2010-02-22 00:00:00
Bari,,65,35,63,65,65,45,55,60,2011-02-22 00:00:00
Bari,,50,50,35,50,50,45,45,50,2012-02-22 00:00:00
Bari,,55,57,44,54,60,51,49,61,2013-09-20 00:00:00
Bari,40,55,57,44,54,56,51,49,53,2014-09-19 00:00:00
Bari,40,52,65,55,40,48,51,50,55,2015-09-10 00:00:00
Bayer 04 Leverkusen,,70,30,70,70,70,60,70,70,2010-02-22 00:00:00
Bayer 04 Leverkusen,,67,38,47,51,55,39,57,51,2011-02-22 00:00:00
Bayer 04 Leverkusen,,58,55,55,52,56,42,50,47,2012-02-22 00:00:00
Bayer 04 Leverkusen,,64,55,54,52,37,38,58,47,2013-09-20 00:00:00
Bayer 04 Leverkusen,30,69,55,55,52,39,46,50,54,2014-09-19 00:00:00
Bayer 04 Leverkusen,29,73,55,54,77,61,72,61,50,2015-09-10 00:00:00
Beerschot AC,,35,35,40,45,50,70,70,70,2010-02-22 00:00:00
Beerschot AC,,47,37,64,54,67,34,33,48,2011-02-22 00:00:00
Beerschot AC,,55,55,46,47,49,46,45,50,2012-02-22 00:00:00
Beerschot AC,,47,39,64,38,49,46,45,67,2013-09-20 00:00:00
Birmingham City,,70,70,70,70,70,70,70,70,2010-02-22 00:00:00
Birmingham City,,45,60,50,35,40,60,30,45,2011-02-22 00:00:00
Birmingham City,,51,55,62,41,56,48,42,54,2012-02-22 00:00:00
Birmingham City,,56,57,71,45,41,44,42,54,2013-09-20 00:00:00
Birmingham City,39,56,79,71,77,56,48,42,54,2014-09-19 00:00:00
Birmingham City,32,56,75,62,77,64,47,42,54,2015-09-10 00:00:00
Blackburn Rovers,,55,70,70,60,55,70,45,45,2010-02-22 00:00:00
Blackburn Rovers,,55,65,50,50,35,60,45,55,2011-02-22 00:00:00
Blackburn Rovers,,57,57,45,55,40,50,42,38,2012-02-22 00:00:00
Blackburn Rovers,,44,64,52,55,40,50,42,38,2013-09-20 00:00:00
Blackburn Rovers,31,44,62,61,63,40,50,50,47,2014-09-19 00:00:00
Blackburn Rovers,60,60,65,58,59,42,50,50,57,2015-09-10 00:00:00
Blackpool,,70,70,70,70,65,70,70,70,2010-02-22 00:00:00
Blackpool,,70,30,30,65,65,50,45,45,2011-02-22 00:00:00
Blackpool,,45,52,58,60,58,52,49,54,2012-02-22 00:00:00
Blackpool,,45,52,58,60,58,52,49,54,2013-09-20 00:00:00
Blackpool,44,67,72,48,70,58,38,39,54,2014-09-19 00:00:00
Blackpool,36,62,64,43,59,64,38,39,54,2015-09-10 00:00:00
Boavista FC,56,47,50,38,37,53,62,32,54,2015-09-10 00:00:00
Bologna,,65,55,70,30,65,30,55,50,2010-02-22 00:00:00
Bologna,,65,35,35,35,50,50,30,50,2011-02-22 00:00:00
Bologna,,40,50,35,35,50,45,35,50,2012-02-22 00:00:00
Bologna,,63,48,63,49,63,43,43,48,2013-09-20 00:00:00
Bologna,53,63,48,48,32,52,54,28,48,2014-09-19 00:00:00
Bologna,53,63,48,48,32,52,54,30,48,2015-09-10 00:00:00
Bolton Wanderers,,55,70,70,70,45,70,35,35,2010-02-22 00:00:00
Bolton Wanderers,,45,70,70,55,50,55,40,50,2011-02-22 00:00:00
Bolton Wanderers,,57,56,54,45,54,48,48,58,2012-02-22 00:00:00
Bolton Wanderers,,57,53,38,42,54,48,39,58,2013-09-20 00:00:00
Bolton Wanderers,37,57,73,43,72,56,48,39,58,2014-09-19 00:00:00
Bolton Wanderers,34,57,61,60,72,38,48,39,58,2015-09-10 00:00:00
Borussia Dortmund,,70,45,34,70,66,70,54,53,2010-02-22 00:00:00
Borussia Dortmund,,73,43,53,60,64,67,59,46,2011-02-22 00:00:00
Borussia Dortmund,,71,45,44,67,70,69,58,46,2012-02-22 00:00:00
Borussia Dortmund,,74,45,48,70,76,70,60,48,2013-09-20 00:00:00
Borussia Dortmund,33,76,61,44,53,73,68,60,43,2014-09-19 00:00:00
Borussia Dortmund,37,71,40,44,70,49,71,65,40,2015-09-10 00:00:00
Borussia Mönchengladbach,,65,45,70,50,65,40,55,65,2010-02-22 00:00:00
Borussia Mönchengladbach,,63,46,51,60,61,58,49,49,2011-02-22 00:00:00
Borussia Mönchengladbach,,57,64,48,54,55,43,33,38,2012-02-22 00:00:00
Borussia Mönchengladbach,,76,40,48,66,30,53,33,41,2013-09-20 00:00:00
Borussia Mönchengladbach,53,31,32,26,38,49,50,43,41,2014-09-19 00:00:00
Borussia Mönchengladbach,53,31,32,26,38,49,48,41,39,2015-09-10 00:00:00
Bournemouth,,70,70,70,70,60,70,70,70,2010-02-22 00:00:00
Bournemouth,,51,66,33,68,47,46,27,48,2011-02-22 00:00:00
Bournemouth,,46,46,60,54,52,50,48,62,2012-02-22 00:00:00
Bournemouth,,39,38,43,54,52,50,48,62,2013-09-20 00:00:00
Bournemouth,44,47,48,48,46,41,50,48,62,2014-09-19 00:00:00
Bournemouth,36,47,47,45,49,47,50,48,62,2015-09-10 00:00:00
Brescia,,30,30,50,35,70,30,45,55,2010-02-22 00:00:00
Brescia,,30,50,65,50,65,45,45,55,2011-02-22 00:00:00
Brescia,,35,35,20,35,65,45,35,50,2012-02-22 00:00:00
Brescia,,42,43,25,45,75,52,41,62,2013-09-20 00:00:00
Brescia,56,42,27,25,54,75,52,41,57,2014-09-19 00:00:00
Brescia,56,42,43,48,41,69,52,41,57,2015-09-10 00:00:00
Burnley,,70,65,70,70,70,70,65,70,2010-02-22 00:00:00
Burnley,,36,52,68,49,55,56,24,66,2011-02-22 00:00:00
Burnley,,48,44,58,56,48,50,52,58,2012-02-22 00:00:00
Burnley,,54,55,59,56,48,50,48,58,2013-09-20 00:00:00
Burnley,32,48,74,59,72,58,57,54,58,2014-09-19 00:00:00
Burnley,32,54,67,57,72,47,62,63,58,2015-09-10 00:00:00
CA Osasuna,,35,35,65,45,55,65,30,55,2010-02-22 00:00:00
CA Osasuna,,55,54,69,56,68,61,48,68,2011-02-22 00:00:00
CA Osasuna,,34,52,59,55,54,52,47,69,2012-02-22 00:00:00
CA Osasuna,,38,52,59,55,54,52,47,69,2013-09-20 00:00:00
CA Osasuna,53,38,52,59,55,54,52,47,65,2014-09-19 00:00:00
CA Osasuna,53,38,52,59,55,54,52,47,69,2015-09-10 00:00:00
CD Nacional,,45,30,55,60,50,30,30,30,2010-02-22 00:00:00
CD Nacional,,47,30,55,60,50,55,35,48,2011-02-22 00:00:00
CD Nacional,,41,43,59,53,53,50,49,57,2012-02-22 00:00:00
CD Nacional,,41,43,59,53,53,50,49,57,2013-09-20 00:00:00
CD Nacional,59,41,43,44,53,53,42,42,57,2014-09-19 00:00:00
CD Nacional,59,65,43,44,53,53,42,42,57,2015-09-10 00:00:00
CD Numancia,,55,40,55,50,55,55,30,55,2010-02-22 00:00:00
CD Numancia,,71,53,53,38,53,49,40,55,2011-02-22 00:00:00
CD Numancia,,44,45,41,54,57,46,50,62,2012-02-22 00:00:00
CD Numancia,,44,45,41,54,57,46,50,62,2013-09-20 00:00:00
CD Numancia,48,44,45,41,54,57,46,50,62,2014-09-19 00:00:00
CD Numancia,48,44,45,41,54,57,46,50,62,2015-09-10 00:00:00
CD Tenerife,,30,30,30,45,65,30,50,45,2010-02-22 00:00:00
CD Tenerife,,56,51,52,68,60,50,57,67,2011-02-22 00:00:00
CD Tenerife,50,56,57,51,56,54,50,52,65,2014-09-19 00:00:00
CD Tenerife,50,56,57,51,56,54,50,52,69,2015-09-10 00:00:00
CF Os Belenenses,,30,30,45,55,60,30,30,30,2010-02-22 00:00:00
CF Os Belenenses,53,52,52,37,40,48,48,38,49,2014-09-19 00:00:00
CF Os Belenenses,53,51,52,37,43,48,48,38,49,2015-09-10 00:00:00
CS Marítimo,,30,30,50,55,65,30,30,30,2010-02-22 00:00:00
CS Marítimo,,30,30,60,55,50,45,49,50,2011-02-22 00:00:00
CS Marítimo,,38,44,76,54,55,49,38,46,2012-02-22 00:00:00
CS Marítimo,,38,44,76,54,55,49,38,46,2013-09-20 00:00:00
CS Marítimo,49,67,66,64,67,55,45,37,44,2014-09-19 00:00:00
CS Marítimo,49,61,66,64,67,55,49,38,46,2015-09-10 00:00:00
Cagliari,,40,30,35,30,55,55,40,60,2010-02-22 00:00:00
Cagliari,,65,50,65,50,50,45,45,51,2011-02-22 00:00:00
Cagliari,,40,50,50,65,50,45,45,50,2012-02-22 00:00:00
Cagliari,,63,36,51,66,51,56,46,51,2013-09-20 00:00:00
Cagliari,51,63,53,51,33,68,56,37,51,2014-09-19 00:00:00
Cagliari,32,67,35,58,69,69,65,65,57,2015-09-10 00:00:00
Cardiff City,,65,70,70,70,70,70,70,70,2010-02-22 00:00:00
Cardiff City,,67,49,67,67,48,47,46,53,2011-02-22 00:00:00
Cardiff City,,60,64,46,54,54,43,47,56,2012-02-22 00:00:00
Cardiff City,,60,69,59,54,62,43,47,56,2013-09-20 00:00:00
Cardiff City,29,60,54,46,52,41,41,33,39,2014-09-19 00:00:00
Cardiff City,41,60,67,56,52,46,41,33,39,2015-09-10 00:00:00
Carpi,46,32,31,36,47,54,44,46,51,2014-09-19 00:00:00
Carpi,45,80,65,40,70,50,55,25,35,2015-09-10 00:00:00
Catania,,35,30,30,30,60,55,35,50,2010-02-22 00:00:00
Catania,,65,35,65,50,63,55,35,50,2011-02-22 00:00:00
Catania,,40,50,50,50,50,50,25,35,2012-02-22 00:00:00
Catania,,67,37,52,67,52,57,37,52,2013-09-20 00:00:00
Catania,52,75,48,52,53,36,67,28,52,2014-09-19 00:00:00
Catania,52,70,48,52,53,36,64,31,52,2015-09-10 00:00:00
Celtic,,70,70,70,65,70,70,60,70,2010-02-22 00:00:00
Celtic,,54,52,67,52,51,46,46,67,2011-02-22 00:00:00
Celtic,,70,58,58,54,60,50,50,60,2012-02-22 00:00:00
Celtic,,50,53,58,57,60,51,55,60,2013-09-20 00:00:00
Celtic,52,70,58,61,55,62,54,51,60,2014-09-19 00:00:00
Celtic,49,54,53,51,51,62,55,58,56,2015-09-10 00:00:00
Cesena,,30,30,45,35,65,30,50,50,2010-02-22 00:00:00
Cesena,,50,50,35,35,50,55,35,50,2011-02-22 00:00:00
Cesena,,60,40,35,50,65,45,35,50,2012-02-22 00:00:00
Cesena,,73,44,44,53,73,49,39,57,2013-09-20 00:00:00
Cesena,29,73,41,44,53,73,49,39,57,2014-09-19 00:00:00
Cesena,31,66,41,44,53,66,49,39,57,2015-09-10 00:00:00
Chelsea,,70,60,70,56,70,60,30,35,2010-02-22 00:00:00
Chelsea,,60,50,60,60,80,55,35,50,2011-02-22 00:00:00
Chelsea,,60,45,45,55,45,62,60,46,2012-02-22 00:00:00
Chelsea,,46,41,61,46,63,43,42,46,2013-09-20 00:00:00
Chelsea,52,67,38,61,41,68,41,39,46,2014-09-19 00:00:00
Chelsea,41,67,36,34,41,44,41,39,46,2015-09-10 00:00:00
Chievo Verona,,45,30,45,35,65,70,30,65,2010-02-22 00:00:00
Chievo Verona,,45,50,45,49,35,70,36,51,2011-02-22 00:00:00
Chievo Verona,,60,65,50,50,65,45,25,50,2012-02-22 00:00:00
Chievo Verona,,66,67,51,52,66,59,26,51,2013-09-20 00:00:00
Chievo Verona,54,66,67,66,52,52,59,46,51,2014-09-19 00:00:00
Chievo Verona,54,66,67,66,52,52,59,46,51,2015-09-10 00:00:00
Club Brugge KV,,35,40,50,45,45,70,60,70,2010-02-22 00:00:00
Club Brugge KV,,67,47,49,68,53,44,57,47,2011-02-22 00:00:00
Club Brugge KV,,64,54,61,48,47,50,60,52,2012-02-22 00:00:00
Club Brugge KV,,45,48,61,48,47,59,43,45,2013-09-20 00:00:00
Club Brugge KV,52,42,45,57,42,47,50,51,57,2014-09-19 00:00:00
Club Brugge KV,52,42,45,57,42,47,50,51,57,2015-09-10 00:00:00
Cracovia,,30,45,35,40,65,70,70,65,2010-02-22 00:00:00
Cracovia,,46,51,48,48,52,33,48,63,2011-02-22 00:00:00
Cracovia,,57,59,33,57,78,51,59,53,2012-02-22 00:00:00
Cracovia,50,37,38,66,66,33,34,59,64,2014-09-19 00:00:00
Cracovia,50,37,38,66,66,33,34,59,64,2015-09-10 00:00:00
Crystal Palace,,70,70,70,70,65,60,65,60,2010-02-22 00:00:00
Crystal Palace,,53,54,48,69,52,43,48,33,2011-02-22 00:00:00
Crystal Palace,,43,46,66,69,47,27,44,53,2012-02-22 00:00:00
Crystal Palace,,52,47,66,69,47,33,36,53,2013-09-20 00:00:00
Crystal Palace,36,61,68,62,67,52,34,36,48,2014-09-19 00:00:00
Crystal Palace,45,61,67,69,67,50,34,36,41,2015-09-10 00:00:00
Córdoba CF,,30,30,45,35,60,30,35,40,2010-02-22 00:00:00
Córdoba CF,,39,41,42,40,46,38,40,44,2011-02-22 00:00:00
Córdoba CF,,40,53,71,40,48,41,36,52,2012-02-22 00:00:00
Córdoba CF,,40,53,71,40,48,41,36,52,2013-09-20 00:00:00
Córdoba CF,53,40,53,66,40,48,41,36,52,2014-09-19 00:00:00
Córdoba CF,40,53,48,59,55,57,39,38,52,2015-09-10 00:00:00
DSC Arminia Bielefeld,,40,65,70,45,50,40,45,50,2010-02-22 00:00:00
DSC Arminia Bielefeld,,46,58,33,45,42,48,38,50,2011-02-22 00:00:00
DSC Arminia Bielefeld,49,62,55,51,56,52,54,36,48,2014-09-19 00:00:00
De Graafschap,,30,40,45,43,65,45,42,50,2011-02-22 00:00:00
De Graafschap,,37,41,40,47,63,43,52,41,2012-02-22 00:00:00
Dijon FCO,,55,40,40,40,55,60,30,30,2010-02-22 00:00:00
Dijon FCO,,65,50,65,50,50,45,35,50,2011-02-22 00:00:00
Dijon FCO,,51,49,52,49,52,46,45,58,2012-02-22 00:00:00
Dijon FCO,,51,49,52,49,52,46,45,58,2013-09-20 00:00:00
Dijon FCO,54,51,49,52,49,52,46,45,58,2014-09-19 00:00:00
Dijon FCO,54,51,49,52,49,52,46,45,58,2015-09-10 00:00:00
Dundee FC,,50,49,60,38,53,47,48,59,2013-09-20 00:00:00
Dundee FC,47,47,48,61,32,65,44,50,52,2015-09-10 00:00:00
Dundee United,,70,70,70,65,70,70,60,70,2010-02-22 00:00:00
Dundee United,,68,53,53,67,67,57,57,63,2011-02-22 00:00:00
Dundee United,,60,60,50,50,35,38,40,52,2012-02-22 00:00:00
Dundee United,,53,52,53,55,42,41,41,52,2013-09-20 00:00:00
Dundee United,51,60,60,55,52,38,40,41,52,2014-09-19 00:00:00
Dundee United,58,60,53,49,55,45,42,48,53,2015-09-10 00:00:00
Dunfermline Athletic,,55,60,68,46,54,43,42,63,2012-02-22 00:00:00
ES Troyes AC,,35,50,50,50,35,45,45,50,2011-02-22 00:00:00
ES Troyes AC,,49,51,49,52,49,42,43,52,2012-02-22 00:00:00
ES Troyes AC,,49,51,49,52,49,42,43,52,2013-09-20 00:00:00
ES Troyes AC,48,49,51,49,52,46,42,43,52,2014-09-19 00:00:00
ES Troyes AC,48,49,51,49,52,46,42,43,52,2015-09-10 00:00:00
Eintracht Braunschweig,,64,54,66,52,62,42,54,48,2012-02-22 00:00:00
Eintracht Braunschweig,,68,54,66,62,67,47,57,53,2013-09-20 00:00:00
Eintracht Braunschweig,60,61,62,43,59,55,40,30,39,2014-09-19 00:00:00
Eintracht Braunschweig,44,66,54,59,62,51,47,57,53,2015-09-10 00:00:00
Eintracht Frankfurt,,60,35,70,35,60,30,65,45,2010-02-22 00:00:00
Eintracht Frankfurt,,52,43,62,62,41,50,48,53,2011-02-22 00:00:00
Eintracht Frankfurt,,38,34,45,47,48,45,46,54,2012-02-22 00:00:00
Eintracht Frankfurt,,41,34,45,47,48,45,46,57,2013-09-20 00:00:00
Eintracht Frankfurt,48,63,42,50,57,52,46,43,55,2014-09-19 00:00:00
Eintracht Frankfurt,41,51,38,58,47,40,42,48,55,2015-09-10 00:00:00
Elche CF,,30,30,50,45,70,45,50,45,2010-02-22 00:00:00
Elche CF,,43,39,43,52,46,39,40,51,2011-02-22 00:00:00
Elche CF,,55,73,54,53,57,51,49,58,2012-02-22 00:00:00
Elche CF,,55,73,54,53,57,51,49,58,2013-09-20 00:00:00
Elche CF,47,55,69,54,53,57,51,49,58,2014-09-19 00:00:00
Elche CF,52,51,48,54,53,57,51,49,58,2015-09-10 00:00:00
Empoli,,30,30,30,30,55,30,30,30,2010-02-22 00:00:00
Empoli,,50,35,50,50,55,45,45,47,2011-02-22 00:00:00
Empoli,,50,50,50,50,50,45,35,50,2012-02-22 00:00:00
Empoli,,51,54,54,53,62,50,39,59,2013-09-20 00:00:00
Empoli,43,63,39,67,66,51,57,53,54,2014-09-19 00:00:00
Empoli,43,66,36,64,59,63,66,46,48,2015-09-10 00:00:00
En Avant de Guingamp,,35,30,55,45,70,65,30,30,2010-02-22 00:00:00
En Avant de Guingamp,,52,48,49,53,48,43,33,49,2012-02-22 00:00:00
En Avant de Guingamp,,52,48,49,53,59,43,46,49,2013-09-20 00:00:00
En Avant de Guingamp,58,63,48,49,53,48,47,43,49,2014-09-19 00:00:00
En Avant de Guingamp,37,63,58,56,42,36,47,49,49,2015-09-10 00:00:00
Estoril Praia,,66,52,53,47,39,49,46,55,2013-09-20 00:00:00
Estoril Praia,56,66,52,53,47,39,49,46,55,2014-09-19 00:00:00
Estoril Praia,56,59,52,53,47,39,49,46,55,2015-09-10 00:00:00
Everton,,60,65,70,60,45,70,40,40,2010-02-22 00:00:00
Everton,,60,50,70,55,55,65,55,60,2011-02-22 00:00:00
Everton,,56,56,57,48,56,50,50,60,2012-02-22 00:00:00
Everton,,58,62,59,48,32,44,41,59,2013-09-20 00:00:00
Everton,34,61,42,59,39,48,58,52,60,2014-09-19 00:00:00
Everton,45,43,40,33,39,63,58,52,59,2015-09-10 00:00:00
Excelsior,,73,59,33,77,52,47,25,33,2011-02-22 00:00:00
Excelsior,,47,52,45,63,37,30,23,32,2012-02-22 00:00:00
Excelsior,41,53,69,45,48,43,41,29,36,2015-09-10 00:00:00
FC Aarau,,60,50,65,60,55,55,50,45,2010-02-22 00:00:00
FC Aarau,48,52,56,63,54,64,44,47,54,2014-09-19 00:00:00
FC Aarau,41,47,54,63,54,64,44,47,54,2015-09-10 00:00:00
FC Arouca,66,69,39,59,55,46,37,35,37,2014-09-19 00:00:00
FC Arouca,66,65,39,59,55,46,39,37,37,2015-09-10 00:00:00
FC Augsburg,,45,45,70,35,70,55,45,45,2010-02-22 00:00:00
FC Augsburg,,68,40,64,52,72,49,59,42,2011-02-22 00:00:00
FC Augsburg,,55,55,57,49,55,58,47,56,2012-02-22 00:00:00
FC Augsburg,,40,55,72,49,53,43,33,52,2013-09-20 00:00:00
FC Augsburg,38,62,69,63,41,56,55,47,52,2014-09-19 00:00:00
FC Augsburg,51,59,55,62,49,55,50,34,59,2015-09-10 00:00:00
FC Barcelona,,42,30,40,65,70,30,70,70,2010-02-22 00:00:00
FC Barcelona,,43,34,25,59,68,43,67,68,2011-02-22 00:00:00
FC Barcelona,,24,25,24,37,54,63,66,66,2012-02-22 00:00:00
FC Barcelona,,35,32,31,37,35,63,61,65,2013-09-20 00:00:00
FC Barcelona,35,35,32,31,37,35,63,61,65,2014-09-19 00:00:00
FC Barcelona,35,36,51,49,36,56,65,61,65,2015-09-10 00:00:00
FC Basel,,40,45,65,50,50,60,60,60,2010-02-22 00:00:00
FC Basel,,46,40,54,51,49,53,38,55,2011-02-22 00:00:00
FC Basel,,61,46,66,66,54,58,47,53,2012-02-22 00:00:00
FC Basel,,61,46,66,66,54,58,47,53,2013-09-20 00:00:00
FC Basel,63,61,46,66,66,54,58,47,53,2014-09-19 00:00:00
FC Basel,63,61,46,66,66,54,58,47,53,2015-09-10 00:00:00
FC Bayern Munich,,65,40,70,65,70,40,70,65,2010-02-22 00:00:00
FC Bayern Munich,,42,40,30,34,72,52,39,65,2011-02-22 00:00:00
FC Bayern Munich,,47,40,31,34,55,35,49,50,2012-02-22 00:00:00
FC Bayern Munich,,56,41,44,40,39,54,52,52,2013-09-20 00:00:00
FC Bayern Munich,34,37,22,38,21,40,59,61,40,2014-09-19 00:00:00
FC Bayern Munich,24,45,28,31,37,22,53,72,59,2015-09-10 00:00:00
FC Dordrecht,33,39,62,66,62,48,58,51,55,2015-09-10 00:00:00
FC Energie Cottbus,,45,55,55,30,45,70,68,68,2010-02-22 00:00:00
FC Energie Cottbus,,64,55,38,71,52,48,58,40,2011-02-22 00:00:00
FC Energie Cottbus,,50,48,67,47,53,47,57,52,2012-02-22 00:00:00
FC Energie Cottbus,,50,48,67,47,53,47,57,52,2013-09-20 00:00:00
FC Energie Cottbus,47,39,40,67,52,56,55,47,52,2014-09-19 00:00:00
FC Groningen,,41,32,47,40,69,30,30,30,2010-02-22 00:00:00
FC Groningen,,51,39,67,48,62,44,43,49,2011-02-22 00:00:00
FC Groningen,,44,41,64,48,42,47,49,53,2012-02-22 00:00:00
FC Groningen,,44,44,58,56,42,47,49,53,2013-09-20 00:00:00
FC Groningen,42,48,38,59,57,45,47,49,53,2014-09-19 00:00:00
FC Groningen,32,55,55,59,57,54,47,49,53,2015-09-10 00:00:00
FC Ingolstadt 04,,47,54,51,54,46,50,37,53,2011-02-22 00:00:00
FC Ingolstadt 04,,55,46,53,47,51,42,33,49,2012-02-22 00:00:00
FC Ingolstadt 04,,55,46,53,47,51,42,33,49,2013-09-20 00:00:00
FC Ingolstadt 04,59,54,47,33,53,52,36,42,49,2014-09-19 00:00:00
FC Ingolstadt 04,51,55,46,53,47,51,48,37,49,2015-09-10 00:00:00
FC Lausanne-Sports,,30,60,60,40,60,60,55,50,2010-02-22 00:00:00
FC Lausanne-Sports,,37,49,60,52,48,43,43,55,2012-02-22 00:00:00
FC Lausanne-Sports,,51,49,60,52,48,43,43,55,2013-09-20 00:00:00
FC Lausanne-Sports,55,37,49,60,52,52,44,46,55,2014-09-19 00:00:00
FC Lorient,,45,70,50,30,40,60,70,70,2010-02-22 00:00:00
FC Lorient,,35,35,50,80,50,35,55,65,2011-02-22 00:00:00
FC Lorient,,60,42,53,48,64,47,43,48,2012-02-22 00:00:00
FC Lorient,,60,42,53,48,64,47,43,48,2013-09-20 00:00:00
FC Lorient,56,60,42,53,48,64,47,43,48,2014-09-19 00:00:00
FC Lorient,42,57,50,53,48,46,56,51,55,2015-09-10 00:00:00
FC Luzern,,45,60,70,45,60,45,40,50,2010-02-22 00:00:00
FC Luzern,,48,57,34,63,64,45,56,52,2011-02-22 00:00:00
FC Luzern,,46,48,53,51,55,47,48,50,2012-02-22 00:00:00
FC Luzern,,46,48,53,51,55,47,48,50,2013-09-20 00:00:00
FC Luzern,51,63,51,40,54,66,53,48,50,2014-09-19 00:00:00
FC Luzern,51,63,51,40,54,66,53,48,50,2015-09-10 00:00:00
FC Metz,,50,30,60,50,65,50,30,30,2010-02-22 00:00:00
FC Metz,,65,65,65,35,50,35,35,65,2011-02-22 00:00:00
FC Metz,,50,49,54,49,53,47,46,50,2012-02-22 00:00:00
FC Metz,42,55,49,54,49,53,54,46,50,2014-09-19 00:00:00
FC Metz,48,55,49,54,46,53,46,39,42,2015-09-10 00:00:00
FC Nantes,,55,35,65,60,35,45,30,30,2010-02-22 00:00:00
FC Nantes,,50,50,50,35,35,55,45,50,2011-02-22 00:00:00
FC Nantes,,46,51,34,52,49,43,47,50,2012-02-22 00:00:00
FC Nantes,,46,51,44,52,49,51,47,54,2013-09-20 00:00:00
FC Nantes,53,63,48,55,52,49,51,47,54,2014-09-19 00:00:00
FC Nantes,70,63,56,55,52,46,41,39,52,2015-09-10 00:00:00
FC Paços de Ferreira,,30,30,60,50,60,30,30,30,2010-02-22 00:00:00
FC Paços de Ferreira,,50,50,49,50,49,55,45,50,2011-02-22 00:00:00
FC Paços de Ferreira,,38,39,53,52,52,39,36,68,2012-02-22 00:00:00
FC Paços de Ferreira,,50,39,53,52,52,39,36,64,2013-09-20 00:00:00
FC Paços de Ferreira,40,38,39,53,52,52,39,36,64,2014-09-19 00:00:00
FC Paços de Ferreira,40,63,39,53,64,52,39,36,64,2015-09-10 00:00:00
FC Penafiel,54,54,39,56,52,38,35,40,46,2015-09-10 00:00:00
FC Porto,,30,30,60,60,60,30,30,30,2010-02-22 00:00:00
FC Porto,,50,50,65,50,65,43,55,65,2011-02-22 00:00:00
FC Porto,,52,53,72,56,68,49,61,60,2012-02-22 00:00:00
FC Porto,,52,53,72,56,68,60,58,57,2013-09-20 00:00:00
FC Porto,50,52,53,66,56,68,60,58,60,2014-09-19 00:00:00
FC Porto,50,70,53,66,56,68,60,58,60,2015-09-10 00:00:00
FC Schalke 04,,65,55,70,55,70,45,70,70,2010-02-22 00:00:00
FC Schalke 04,,63,57,70,55,62,67,37,38,2011-02-22 00:00:00
FC Schalke 04,,50,36,52,59,56,44,43,53,2012-02-22 00:00:00
FC Schalke 04,,60,47,54,62,52,58,45,42,2013-09-20 00:00:00
FC Schalke 04,54,39,45,56,42,41,51,51,40,2014-09-19 00:00:00
FC Schalke 04,43,58,42,61,64,37,59,55,56,2015-09-10 00:00:00
FC Sion,,35,60,60,50,60,40,35,45,2010-02-22 00:00:00
FC Sion,,47,56,56,67,54,43,41,39,2011-02-22 00:00:00
FC Sion,,61,37,50,62,53,43,45,54,2012-02-22 00:00:00
FC Sion,,61,37,50,62,53,43,45,54,2013-09-20 00:00:00
FC Sion,57,61,37,50,62,53,47,45,54,2014-09-19 00:00:00
FC Sion,57,61,37,50,62,53,47,45,54,2015-09-10 00:00:00
FC Sochaux-Montbéliard,,66,70,40,35,50,30,65,65,2010-02-22 00:00:00
FC Sochaux-Montbéliard,,50,50,65,35,35,55,45,65,2011-02-22 00:00:00
FC Sochaux-Montbéliard,,63,39,72,63,49,43,54,49,2012-02-22 00:00:00
FC Sochaux-Montbéliard,,63,39,64,63,49,43,54,49,2013-09-20 00:00:00
FC Sochaux-Montbéliard,62,63,39,64,63,49,43,54,49,2014-09-19 00:00:00
FC Sochaux-Montbéliard,62,63,39,64,63,49,43,54,49,2015-09-10 00:00:00
FC St. Gallen,,35,60,55,35,55,55,50,50,2010-02-22 00:00:00
FC St. Gallen,,47,55,54,47,56,55,49,48,2011-02-22 00:00:00
FC St. Gallen,,52,48,39,39,37,41,40,52,2013-09-20 00:00:00
FC St. Gallen,46,52,48,39,39,37,41,40,52,2014-09-19 00:00:00
FC St. Gallen,46,52,48,39,39,37,36,40,52,2015-09-10 00:00:00
FC St. Pauli,,60,60,70,50,70,70,60,55,2010-02-22 00:00:00
FC St. Pauli,,60,42,55,63,56,60,49,55,2011-02-22 00:00:00
FC St. Pauli,,53,64,34,60,53,44,49,59,2012-02-22 00:00:00
FC St. Pauli,,53,56,46,62,53,44,49,57,2013-09-20 00:00:00
FC St. Pauli,52,53,56,53,68,34,44,46,54,2014-09-19 00:00:00
FC St. Pauli,52,52,56,53,62,38,44,39,57,2015-09-10 00:00:00
FC Thun,,51,39,46,54,31,34,37,46,2011-02-22 00:00:00
FC Thun,,58,35,32,67,66,45,47,53,2012-02-22 00:00:00
FC Thun,,58,35,32,67,66,45,47,53,2013-09-20 00:00:00
FC Thun,59,58,35,36,64,66,45,47,53,2014-09-19 00:00:00
FC Thun,59,58,35,36,64,66,45,47,53,2015-09-10 00:00:00
FC Twente,,30,30,40,40,65,30,30,30,2010-02-22 00:00:00
FC Twente,,55,55,62,63,47,59,61,54,2011-02-22 00:00:00
FC Twente,,25,28,68,44,37,68,62,67,2012-02-22 00:00:00
FC Twente,,35,38,50,44,41,44,34,54,2013-09-20 00:00:00
FC Twente,39,38,34,65,63,37,41,44,55,2014-09-19 00:00:00
FC Twente,40,48,43,58,43,39,41,44,55,2015-09-10 00:00:00
FC Utrecht,,45,45,50,33,67,30,30,30,2010-02-22 00:00:00
FC Utrecht,,66,45,69,41,72,57,34,34,2011-02-22 00:00:00
FC Utrecht,,47,52,54,52,52,49,45,47,2012-02-22 00:00:00
FC Utrecht,,47,52,54,52,60,49,45,47,2013-09-20 00:00:00
FC Utrecht,50,50,52,49,55,52,49,45,47,2014-09-19 00:00:00
FC Utrecht,39,50,54,64,55,28,58,54,47,2015-09-10 00:00:00
FC Vaduz,32,53,56,53,38,46,33,42,58,2015-09-10 00:00:00
FC Zürich,,45,60,70,45,50,55,50,50,2010-02-22 00:00:00
FC Zürich,,48,56,61,49,55,49,54,60,2011-02-22 00:00:00
FC Zürich,,62,46,50,50,54,43,47,56,2012-02-22 00:00:00
FC Zürich,,62,46,50,50,54,43,47,56,2013-09-20 00:00:00
FC Zürich,49,62,46,50,47,54,43,47,56,2014-09-19 00:00:00
FC Zürich,49,62,46,50,47,54,43,47,56,2015-09-10 00:00:00
Falkirk,,70,70,70,60,70,70,60,70,2010-02-22 00:00:00
Feyenoord,,30,30,41,44,46,30,30,30,2010-02-22 00:00:00
Feyenoord,,47,53,33,43,32,59,48,53,2011-02-22 00:00:00
Feyenoord,,38,34,44,60,50,43,43,54,2012-02-22 00:00:00
Feyenoord,,44,44,62,48,50,43,43,40,2013-09-20 00:00:00
Feyenoord,40,54,60,67,48,50,43,43,40,2014-09-19 00:00:00
Feyenoord,33,50,48,67,48,31,46,43,40,2015-09-10 00:00:00
Fiorentina,,67,30,60,50,60,30,45,60,2010-02-22 00:00:00
Fiorentina,,49,50,60,50,60,45,45,50,2011-02-22 00:00:00
Fiorentina,,45,50,50,65,50,45,45,50,2012-02-22 00:00:00
Fiorentina,,53,51,51,64,53,47,47,51,2013-09-20 00:00:00
Fiorentina,54,34,33,51,68,53,59,58,67,2014-09-19 00:00:00
Fiorentina,54,34,33,51,68,53,59,58,61,2015-09-10 00:00:00
Fortuna Düsseldorf,,65,35,50,70,52,70,45,54,2010-02-22 00:00:00
Fortuna Düsseldorf,,51,38,40,52,54,59,46,34,2011-02-22 00:00:00
Fortuna Düsseldorf,,67,47,68,67,55,57,56,52,2012-02-22 00:00:00
Fortuna Düsseldorf,,41,69,68,55,52,48,24,45,2013-09-20 00:00:00
Fortuna Düsseldorf,69,72,57,49,55,37,48,47,50,2014-09-19 00:00:00
Fortuna Düsseldorf,62,47,47,68,55,55,57,56,52,2015-09-10 00:00:00
Frosinone,,30,30,45,30,65,30,30,65,2010-02-22 00:00:00
Frosinone,,70,48,45,46,65,67,61,65,2011-02-22 00:00:00
Frosinone,48,63,46,50,51,50,57,55,47,2015-09-10 00:00:00
Fulham,,60,70,70,70,50,35,40,40,2010-02-22 00:00:00
Fulham,,50,55,55,45,40,35,45,50,2011-02-22 00:00:00
Fulham,,48,45,62,38,54,38,38,62,2012-02-22 00:00:00
Fulham,,52,49,56,49,59,39,39,57,2013-09-20 00:00:00
Fulham,34,52,56,41,58,54,28,29,39,2014-09-19 00:00:00
Fulham,34,52,48,54,39,59,30,29,39,2015-09-10 00:00:00
GFC Ajaccio,,61,52,66,55,58,46,47,53,2013-09-20 00:00:00
GFC Ajaccio,53,48,52,53,55,55,46,42,53,2015-09-10 00:00:00
GKS Bełchatów,,30,50,40,45,70,70,65,65,2010-02-22 00:00:00
GKS Bełchatów,,47,27,51,45,54,60,48,37,2011-02-22 00:00:00
GKS Bełchatów,,52,67,73,52,50,45,47,35,2012-02-22 00:00:00
GKS Bełchatów,,52,43,37,52,50,45,47,40,2013-09-20 00:00:00
GKS Bełchatów,48,52,43,37,52,50,45,47,40,2015-09-10 00:00:00
Genoa,,70,50,40,70,65,65,40,30,2010-02-22 00:00:00
Genoa,,65,35,50,50,50,65,54,35,2011-02-22 00:00:00
Genoa,,50,50,50,50,50,45,45,50,2012-02-22 00:00:00
Genoa,,64,38,67,66,49,47,46,53,2013-09-20 00:00:00
Genoa,52,64,68,53,66,49,47,23,53,2014-09-19 00:00:00
Genoa,52,64,68,45,66,23,47,27,53,2015-09-10 00:00:00
Getafe CF,,30,35,50,35,70,30,40,50,2010-02-22 00:00:00
Getafe CF,,54,45,54,38,57,39,59,66,2011-02-22 00:00:00
Getafe CF,,25,40,42,58,52,45,49,47,2012-02-22 00:00:00
Getafe CF,,29,40,42,58,52,45,49,47,2013-09-20 00:00:00
Getafe CF,42,35,40,42,58,52,45,49,47,2014-09-19 00:00:00
Getafe CF,41,34,38,39,55,49,42,43,49,2015-09-10 00:00:00
Gil Vicente FC,,46,41,52,54,46,57,39,53,2012-02-22 00:00:00
Gil Vicente FC,,46,41,52,54,46,57,39,53,2013-09-20 00:00:00
Gil Vicente FC,67,65,41,47,54,46,40,39,53,2014-09-19 00:00:00
Gil Vicente FC,67,68,41,47,54,46,40,39,53,2015-09-10 00:00:00
Girondins de Bordeaux,,70,35,50,70,70,70,55,70,2010-02-22 00:00:00
Girondins de Bordeaux,,50,35,65,50,65,45,55,65,2011-02-22 00:00:00
Girondins de Bordeaux,,49,37,64,49,51,46,44,49,2012-02-22 00:00:00
Girondins de Bordeaux,,49,37,64,49,51,46,44,49,2013-09-20 00:00:00
Girondins de Bordeaux,49,38,36,55,49,51,33,37,49,2014-09-19 00:00:00
Girondins de Bordeaux,40,51,48,63,49,44,52,57,49,2015-09-10 00:00:00
Go Ahead Eagles,47,55,42,42,37,53,47,43,51,2014-09-19 00:00:00
Go Ahead Eagles,38,58,64,42,37,52,47,43,51,2015-09-10 00:00:00
Granada CF,,53,52,59,54,55,49,54,67,2011-02-22 00:00:00
Granada CF,,48,37,76,72,52,45,49,68,2012-02-22 00:00:00
Granada CF,,52,37,76,72,52,45,49,68,2013-09-20 00:00:00
Granada CF,62,52,37,68,67,52,45,49,64,2014-09-19 00:00:00
Granada CF,50,57,59,63,61,51,45,48,62,2015-09-10 00:00:00
Grasshopper Club Zürich,,30,50,70,55,55,60,40,60,2010-02-22 00:00:00
Grasshopper Club Zürich,,67,53,66,55,63,48,43,62,2011-02-22 00:00:00
Grasshopper Club Zürich,,50,54,54,52,46,43,36,47,2012-02-22 00:00:00
Grasshopper Club Zürich,,50,54,54,52,46,43,36,47,2013-09-20 00:00:00
Grasshopper Club Zürich,60,50,54,54,52,46,43,36,47,2014-09-19 00:00:00
Grasshopper Club Zürich,60,50,54,54,52,46,43,36,47,2015-09-10 00:00:00
Grenoble Foot 38,,70,70,60,65,70,55,70,70,2010-02-22 00:00:00
Grenoble Foot 38,,50,50,50,50,50,45,45,50,2011-02-22 00:00:00
Górnik Łęczna,40,41,59,44,41,54,47,52,50,2015-09-10 00:00:00
Hamburger SV,,70,60,60,70,70,45,70,60,2010-02-22 00:00:00
Hamburger SV,,52,29,58,61,54,55,60,52,2011-02-22 00:00:00
Hamburger SV,,46,40,55,60,39,47,55,48,2012-02-22 00:00:00
Hamburger SV,,34,38,59,34,48,35,45,58,2013-09-20 00:00:00
Hamburger SV,61,45,58,73,60,62,32,45,63,2014-09-19 00:00:00
Hamburger SV,56,42,52,58,62,47,41,44,49,2015-09-10 00:00:00
Hamilton Academical FC,,70,70,70,70,60,65,60,70,2010-02-22 00:00:00
Hamilton Academical FC,,66,52,53,52,34,47,46,52,2011-02-22 00:00:00
Hamilton Academical FC,48,48,47,53,73,71,48,55,52,2015-09-10 00:00:00
Hannover 96,,55,70,45,65,65,70,70,70,2010-02-22 00:00:00
Hannover 96,,55,56,43,55,53,37,39,53,2011-02-22 00:00:00
Hannover 96,,65,58,44,63,64,45,39,47,2012-02-22 00:00:00
Hannover 96,,78,58,39,66,41,48,39,47,2013-09-20 00:00:00
Hannover 96,55,48,38,51,38,40,48,37,56,2014-09-19 00:00:00
Hannover 96,55,48,41,51,38,40,50,35,61,2015-09-10 00:00:00
Heart of Midlothian,,70,70,70,70,70,70,60,70,2010-02-22 00:00:00
Heart of Midlothian,,66,53,68,53,66,68,56,66,2011-02-22 00:00:00
Heart of Midlothian,,55,62,60,55,60,52,50,57,2012-02-22 00:00:00
Heart of Midlothian,,52,53,60,59,64,53,52,57,2013-09-20 00:00:00
Heart of Midlothian,51,55,62,61,55,60,52,49,57,2014-09-19 00:00:00
Hellas Verona,,50,50,50,50,50,55,45,50,2012-02-22 00:00:00
Hellas Verona,,58,63,57,55,61,59,47,63,2013-09-20 00:00:00
Hellas Verona,46,63,48,54,39,55,47,31,37,2014-09-19 00:00:00
Hellas Verona,29,57,38,54,39,55,59,47,52,2015-09-10 00:00:00
Heracles Almelo,,30,45,43,31,59,30,30,30,2010-02-22 00:00:00
Heracles Almelo,,69,45,70,40,45,66,36,34,2011-02-22 00:00:00
Heracles Almelo,,43,27,58,55,60,43,33,47,2012-02-22 00:00:00
Heracles Almelo,,39,32,42,40,66,43,47,47,2013-09-20 00:00:00
Heracles Almelo,55,46,32,58,48,59,62,60,47,2014-09-19 00:00:00
Heracles Almelo,36,50,61,58,48,59,62,60,47,2015-09-10 00:00:00
Hertha BSC Berlin,,60,50,55,45,55,30,55,55,2010-02-22 00:00:00
Hertha BSC Berlin,,59,43,50,56,66,43,50,55,2011-02-22 00:00:00
Hertha BSC Berlin,,48,45,51,45,46,50,50,55,2012-02-22 00:00:00
Hertha BSC Berlin,,40,55,46,63,63,38,50,55,2013-09-20 00:00:00
Hertha BSC Berlin,52,68,55,59,51,59,60,41,51,2014-09-19 00:00:00
Hertha BSC Berlin,44,47,55,68,59,45,45,50,57,2015-09-10 00:00:00
Hibernian,,70,70,70,60,70,70,60,70,2010-02-22 00:00:00
Hibernian,,48,51,64,52,52,47,47,51,2011-02-22 00:00:00
Hibernian,,55,44,48,46,44,40,42,40,2012-02-22 00:00:00
Hibernian,,60,46,48,58,44,46,47,60,2013-09-20 00:00:00
Hibernian,49,55,44,43,47,49,41,43,40,2014-09-19 00:00:00
Hull City,,65,60,70,70,55,70,70,70,2010-02-22 00:00:00
Hull City,,49,52,64,64,37,46,46,67,2011-02-22 00:00:00
Hull City,,61,48,60,38,54,42,38,46,2012-02-22 00:00:00
Hull City,,63,48,60,38,54,37,34,46,2013-09-20 00:00:00
Hull City,35,56,51,60,54,48,37,38,46,2014-09-19 00:00:00
Hull City,40,56,55,49,54,56,37,38,46,2015-09-10 00:00:00
Hércules Club de Fútbol,,40,30,35,50,70,35,35,50,2010-02-22 00:00:00
Hércules Club de Fútbol,,54,55,40,53,59,58,48,53,2011-02-22 00:00:00
Hércules Club de Fútbol,,53,54,58,60,60,52,50,58,2012-02-22 00:00:00
Hércules Club de Fútbol,,53,54,58,60,60,52,50,58,2013-09-20 00:00:00
Hércules Club de Fútbol,47,53,54,58,60,60,52,50,58,2014-09-19 00:00:00
Inter,,55,55,55,50,70,60,50,55,2010-02-22 00:00:00
Inter,,55,50,55,50,65,60,50,55,2011-02-22 00:00:00
Inter,,45,50,50,65,65,55,35,35,2012-02-22 00:00:00
Inter,,67,67,52,68,66,57,36,38,2013-09-20 00:00:00
Inter,48,67,67,69,68,66,57,23,34,2014-09-19 00:00:00
Inter,69,58,54,60,56,53,49,47,63,2015-09-10 00:00:00
Inverness Caledonian Thistle,,36,67,37,66,51,57,37,36,2011-02-22 00:00:00
Inverness Caledonian Thistle,,61,59,52,48,54,40,40,46,2012-02-22 00:00:00
Inverness Caledonian Thistle,,35,54,54,56,61,46,47,46,2013-09-20 00:00:00
Inverness Caledonian Thistle,49,61,59,57,50,55,41,43,46,2014-09-19 00:00:00
Inverness Caledonian Thistle,47,48,32,48,57,69,44,44,51,2015-09-10 00:00:00
Jagiellonia Białystok,,30,50,35,45,70,70,70,70,2010-02-22 00:00:00
Jagiellonia Białystok,,33,52,39,48,64,56,32,52,2011-02-22 00:00:00
Jagiellonia Białystok,,58,69,42,53,68,50,40,51,2012-02-22 00:00:00
Jagiellonia Białystok,,58,69,42,53,68,50,40,51,2013-09-20 00:00:00
Jagiellonia Białystok,54,38,38,27,53,66,56,57,49,2014-09-19 00:00:00
Jagiellonia Białystok,54,66,38,33,53,66,56,57,49,2015-09-10 00:00:00
Juventus,,45,35,55,45,70,35,50,70,2010-02-22 00:00:00
Juventus,,65,50,77,50,50,55,55,35,2011-02-22 00:00:00
Juventus,,50,35,65,65,50,55,35,35,2012-02-22 00:00:00
Juventus,,39,33,63,51,72,67,66,36,2013-09-20 00:00:00
Juventus,47,26,24,53,64,72,67,23,36,2014-09-19 00:00:00
Juventus,35,50,20,50,65,80,65,35,35,2015-09-10 00:00:00
KAA Gent,,70,65,50,60,60,50,45,40,2010-02-22 00:00:00
KAA Gent,,55,55,74,54,56,39,61,38,2011-02-22 00:00:00
KAA Gent,,50,47,66,55,47,45,48,52,2012-02-22 00:00:00
KAA Gent,,50,37,66,28,34,53,50,40,2013-09-20 00:00:00
KAA Gent,55,50,37,66,28,34,59,55,52,2014-09-19 00:00:00
KAA Gent,55,50,37,66,42,34,54,49,52,2015-09-10 00:00:00
KAS Eupen,,50,55,55,50,55,50,50,55,2011-02-22 00:00:00
KRC Genk,,45,45,35,50,60,65,70,70,2010-02-22 00:00:00
KRC Genk,,66,52,66,65,51,47,48,54,2011-02-22 00:00:00
KRC Genk,,53,55,48,55,56,45,47,55,2012-02-22 00:00:00
KRC Genk,,58,38,48,67,56,45,47,55,2013-09-20 00:00:00
KRC Genk,52,58,38,48,67,56,45,47,55,2014-09-19 00:00:00
KRC Genk,52,58,38,69,30,56,57,36,70,2015-09-10 00:00:00
KSV Cercle Brugge,,45,35,45,70,55,60,65,70,2010-02-22 00:00:00
KSV Cercle Brugge,,50,50,65,70,65,50,60,70,2011-02-22 00:00:00
KSV Cercle Brugge,,68,54,68,55,42,47,59,62,2012-02-22 00:00:00
KSV Cercle Brugge,,53,40,68,55,42,47,59,62,2013-09-20 00:00:00
KSV Cercle Brugge,49,53,43,58,52,42,47,59,62,2014-09-19 00:00:00
KSV Cercle Brugge,49,53,43,58,52,42,47,59,62,2015-09-10 00:00:00
KSV Roeselare,,65,60,35,50,40,70,65,70,2010-02-22 00:00:00
KV Kortrijk,,50,60,50,50,50,60,60,65,2010-02-22 00:00:00
KV Kortrijk,,38,65,69,38,52,57,34,47,2011-02-22 00:00:00
KV Kortrijk,,31,47,67,37,50,45,46,52,2012-02-22 00:00:00
KV Kortrijk,,42,40,67,37,30,45,46,52,2013-09-20 00:00:00
KV Kortrijk,40,42,47,67,37,30,45,46,52,2014-09-19 00:00:00
KV Kortrijk,40,42,47,67,37,30,45,46,52,2015-09-10 00:00:00
KV Mechelen,,65,60,40,50,50,70,60,60,2010-02-22 00:00:00
KV Mechelen,,67,57,47,47,52,61,48,48,2011-02-22 00:00:00
KV Mechelen,,52,54,53,47,50,60,52,48,2012-02-22 00:00:00
KV Mechelen,,52,33,53,47,50,60,42,52,2013-09-20 00:00:00
KV Mechelen,42,52,40,53,47,50,51,42,52,2014-09-19 00:00:00
KV Mechelen,42,52,40,53,47,50,51,42,52,2015-09-10 00:00:00
KV Oostende,49,52,54,42,45,53,47,42,44,2014-09-19 00:00:00
KV Oostende,49,52,54,42,45,53,47,42,44,2015-09-10 00:00:00
KVC Westerlo,,45,60,45,40,55,70,70,70,2010-02-22 00:00:00
KVC Westerlo,,34,52,48,66,53,59,48,67,2011-02-22 00:00:00
KVC Westerlo,,52,50,60,59,32,45,48,53,2012-02-22 00:00:00
KVC Westerlo,46,52,50,55,57,32,45,48,53,2015-09-10 00:00:00
Karlsruher SC,,70,35,65,70,70,40,65,65,2010-02-22 00:00:00
Karlsruher SC,,53,55,56,71,56,46,52,47,2011-02-22 00:00:00
Karlsruher SC,,54,47,44,53,49,46,34,39,2012-02-22 00:00:00
Karlsruher SC,55,56,53,46,53,49,46,32,37,2014-09-19 00:00:00
Karlsruher SC,52,54,47,44,53,49,46,34,39,2015-09-10 00:00:00
Kilmarnock,,70,70,70,70,65,70,60,70,2010-02-22 00:00:00
Kilmarnock,,36,36,52,37,51,43,48,48,2011-02-22 00:00:00
Kilmarnock,,56,61,48,55,46,43,43,52,2012-02-22 00:00:00
Kilmarnock,,53,54,50,55,49,49,47,52,2013-09-20 00:00:00
Kilmarnock,50,56,61,48,56,46,44,44,52,2014-09-19 00:00:00
Kilmarnock,48,50,60,62,49,47,46,46,52,2015-09-10 00:00:00
Korona Kielce,,30,45,35,45,70,70,50,50,2010-02-22 00:00:00
Korona Kielce,,67,66,49,49,69,48,57,67,2011-02-22 00:00:00
Korona Kielce,,75,62,53,48,68,43,58,65,2012-02-22 00:00:00
Korona Kielce,,70,50,53,48,68,43,58,60,2013-09-20 00:00:00
Korona Kielce,69,73,50,53,64,36,43,30,62,2014-09-19 00:00:00
Korona Kielce,69,59,50,53,64,36,43,30,62,2015-09-10 00:00:00
LOSC Lille,,70,60,45,50,55,70,55,55,2010-02-22 00:00:00
LOSC Lille,,65,65,80,50,50,55,55,35,2011-02-22 00:00:00
LOSC Lille,,34,23,52,63,49,56,58,48,2012-02-22 00:00:00
LOSC Lille,,34,42,52,63,49,42,47,48,2013-09-20 00:00:00
LOSC Lille,65,45,42,52,68,49,42,59,48,2014-09-19 00:00:00
LOSC Lille,36,45,43,52,68,64,42,59,48,2015-09-10 00:00:00
Lazio,,60,50,40,50,70,50,55,70,2010-02-22 00:00:00
Lazio,,60,35,35,50,51,50,45,35,2011-02-22 00:00:00
Lazio,,45,50,50,65,50,45,35,50,2012-02-22 00:00:00
Lazio,,51,54,52,68,69,53,59,54,2013-09-20 00:00:00
Lazio,69,49,54,63,68,69,53,59,54,2014-09-19 00:00:00
Lazio,65,68,55,80,68,72,66,59,65,2015-09-10 00:00:00
Le Havre AC,,55,45,50,40,65,70,30,30,2010-02-22 00:00:00
Le Havre AC,,50,50,50,65,65,45,45,65,2011-02-22 00:00:00
Le Havre AC,,46,52,54,49,52,55,47,66,2012-02-22 00:00:00
Le Havre AC,,46,52,54,49,52,55,47,52,2013-09-20 00:00:00
Le Havre AC,56,46,52,54,49,52,55,47,52,2014-09-19 00:00:00
Le Havre AC,56,46,52,54,49,52,55,47,52,2015-09-10 00:00:00
Le Mans FC,,70,45,60,65,65,60,70,70,2010-02-22 00:00:00
Le Mans FC,,65,50,65,65,65,55,60,35,2011-02-22 00:00:00
Le Mans FC,,58,47,68,49,50,44,47,51,2012-02-22 00:00:00
Le Mans FC,,58,47,68,49,50,44,47,51,2013-09-20 00:00:00
Lecce,,40,30,60,45,70,70,30,65,2010-02-22 00:00:00
Lecce,,50,50,60,50,52,55,30,65,2011-02-22 00:00:00
Lecce,,45,50,50,50,35,55,35,50,2012-02-22 00:00:00
Lech Poznań,,40,35,40,45,70,55,60,45,2010-02-22 00:00:00
Lech Poznań,,64,57,48,68,70,37,59,48,2011-02-22 00:00:00
Lech Poznań,,67,54,62,56,67,47,47,63,2012-02-22 00:00:00
Lech Poznań,,67,54,62,56,67,47,47,63,2013-09-20 00:00:00
Lech Poznań,55,67,54,62,56,67,47,47,63,2014-09-19 00:00:00
Lech Poznań,50,57,40,70,59,67,58,50,45,2015-09-10 00:00:00
Lechia Gdańsk,,30,45,35,45,70,70,70,65,2010-02-22 00:00:00
Lechia Gdańsk,,63,37,30,68,52,60,46,47,2011-02-22 00:00:00
Lechia Gdańsk,,44,52,53,50,68,48,49,65,2012-02-22 00:00:00
Lechia Gdańsk,,44,52,53,50,68,59,49,60,2013-09-20 00:00:00
Lechia Gdańsk,48,62,52,63,50,52,58,37,63,2014-09-19 00:00:00
Lechia Gdańsk,48,62,52,59,66,58,58,51,40,2015-09-10 00:00:00
Legia Warszawa,,30,35,45,55,70,70,65,60,2010-02-22 00:00:00
Legia Warszawa,,67,35,36,55,53,48,59,66,2011-02-22 00:00:00
Legia Warszawa,,69,55,40,52,53,49,59,67,2012-02-22 00:00:00
Legia Warszawa,,69,55,40,52,53,49,59,63,2013-09-20 00:00:00
Legia Warszawa,51,54,36,51,52,64,46,47,66,2014-09-19 00:00:00
Legia Warszawa,47,54,36,51,52,64,60,50,58,2015-09-10 00:00:00
Leicester City,,70,70,70,70,45,70,70,70,2010-02-22 00:00:00
Leicester City,,36,52,52,36,52,34,51,48,2011-02-22 00:00:00
Leicester City,,45,48,56,48,56,52,48,54,2012-02-22 00:00:00
Leicester City,,45,48,56,48,56,52,48,54,2013-09-20 00:00:00
Leicester City,36,63,48,62,47,69,62,58,54,2014-09-19 00:00:00
Leicester City,41,63,60,64,47,46,65,58,55,2015-09-10 00:00:00
Leixões SC,,30,30,50,50,65,30,30,30,2010-02-22 00:00:00
Levante UD,,30,30,40,45,70,35,30,50,2010-02-22 00:00:00
Levante UD,,68,56,55,69,58,47,37,54,2011-02-22 00:00:00
Levante UD,,53,63,61,55,52,52,47,56,2012-02-22 00:00:00
Levante UD,,57,63,61,55,52,52,47,56,2013-09-20 00:00:00
Levante UD,51,57,63,61,55,52,52,47,56,2014-09-19 00:00:00
Levante UD,36,62,65,42,71,65,33,36,42,2015-09-10 00:00:00
Lierse SK,,48,65,45,55,50,48,46,45,2011-02-22 00:00:00
Lierse SK,,69,58,52,56,61,49,45,65,2012-02-22 00:00:00
Lierse SK,,69,58,52,56,61,49,38,65,2013-09-20 00:00:00
Lierse SK,44,69,58,52,56,61,49,38,65,2014-09-19 00:00:00
Lierse SK,44,69,58,52,56,61,49,38,65,2015-09-10 00:00:00
Liverpool,,50,35,60,50,70,60,40,40,2010-02-22 00:00:00
Liverpool,,60,50,45,40,60,55,55,50,2011-02-22 00:00:00
Liverpool,,60,60,73,48,53,48,50,62,2012-02-22 00:00:00
Liverpool,,39,44,34,42,54,52,59,61,2013-09-20 00:00:00
Liverpool,48,71,32,41,34,61,48,51,62,2014-09-19 00:00:00
Liverpool,60,66,45,34,34,46,52,51,61,2015-09-10 00:00:00
Livorno,,30,30,30,30,55,30,30,30,2010-02-22 00:00:00
Livorno,,65,50,65,30,65,60,45,30,2011-02-22 00:00:00
Livorno,,50,50,50,35,50,45,35,35,2012-02-22 00:00:00
Livorno,,58,55,57,52,63,49,58,56,2013-09-20 00:00:00
Livorno,58,58,67,23,38,77,57,29,32,2014-09-19 00:00:00
Livorno,58,58,67,27,38,69,57,31,38,2015-09-10 00:00:00
Manchester City,,70,60,70,55,70,55,45,45,2010-02-22 00:00:00
Manchester City,,70,60,65,70,75,65,65,50,2011-02-22 00:00:00
Manchester City,,45,55,38,40,48,60,50,54,2012-02-22 00:00:00
Manchester City,,36,34,44,39,38,44,42,54,2013-09-20 00:00:00
Manchester City,35,59,29,49,32,62,44,42,54,2014-09-19 00:00:00
Manchester City,35,59,29,36,38,24,47,48,54,2015-09-10 00:00:00
Manchester United,,70,45,70,45,65,50,40,40,2010-02-22 00:00:00
Manchester United,,65,40,65,65,70,45,45,65,2011-02-22 00:00:00
Manchester United,,46,54,60,46,55,50,40,56,2012-02-22 00:00:00
Manchester United,,46,38,68,46,37,49,49,56,2013-09-20 00:00:00
Manchester United,34,46,54,72,49,56,41,42,56,2014-09-19 00:00:00
Manchester United,42,38,44,44,49,40,53,54,56,2015-09-10 00:00:00
Middlesbrough,,70,70,70,70,50,70,30,30,2010-02-22 00:00:00
Middlesbrough,,66,51,64,64,48,44,54,49,2011-02-22 00:00:00
Middlesbrough,,60,72,56,40,72,42,38,42,2012-02-22 00:00:00
Middlesbrough,,60,40,56,40,57,42,38,52,2013-09-20 00:00:00
Middlesbrough,28,60,56,56,49,72,42,38,42,2014-09-19 00:00:00
Middlesbrough,32,60,46,55,43,37,42,38,42,2015-09-10 00:00:00
Milan,,45,30,45,55,70,35,30,60,2010-02-22 00:00:00
Milan,,65,50,60,50,50,50,50,50,2011-02-22 00:00:00
Milan,,45,50,20,65,50,45,45,50,2012-02-22 00:00:00
Milan,,48,54,53,51,64,49,48,53,2013-09-20 00:00:00
Milan,70,48,52,36,66,75,57,58,49,2014-09-19 00:00:00
Milan,70,48,52,36,66,69,57,58,49,2015-09-10 00:00:00
Montpellier Hérault SC,,35,35,35,55,70,70,70,70,2010-02-22 00:00:00
Montpellier Hérault SC,,50,50,50,35,50,55,35,65,2011-02-22 00:00:00
Montpellier Hérault SC,,52,47,49,48,52,43,34,37,2012-02-22 00:00:00
Montpellier Hérault SC,,52,47,49,48,52,43,34,37,2013-09-20 00:00:00
Montpellier Hérault SC,58,52,47,49,48,52,56,53,48,2014-09-19 00:00:00
Montpellier Hérault SC,43,54,65,49,48,45,56,53,48,2015-09-10 00:00:00
Moreirense FC,,38,43,54,51,39,46,44,48,2013-09-20 00:00:00
Moreirense FC,58,38,43,54,51,39,46,44,48,2015-09-10 00:00:00
Motherwell,,70,70,70,70,65,70,60,70,2010-02-22 00:00:00
Motherwell,,48,49,52,52,48,46,47,48,2011-02-22 00:00:00
Motherwell,,70,55,46,40,60,42,38,62,2012-02-22 00:00:00
Motherwell,,67,54,47,49,58,43,39,64,2013-09-20 00:00:00
Motherwell,47,70,55,47,42,60,43,41,62,2014-09-19 00:00:00
Motherwell,46,64,55,45,44,27,44,37,51,2015-09-10 00:00:00
Málaga CF,,60,55,45,40,70,65,45,45,2010-02-22 00:00:00
Málaga CF,,58,54,55,54,61,47,45,54,2011-02-22 00:00:00
Málaga CF,,41,36,69,72,50,58,64,42,2012-02-22 00:00:00
Málaga CF,,45,36,69,72,50,58,64,42,2013-09-20 00:00:00
Málaga CF,42,45,36,69,69,50,58,64,42,2014-09-19 00:00:00
Málaga CF,51,42,36,40,41,50,37,47,52,2015-09-10 00:00:00
N.E.C.,,32,30,40,35,60,30,30,30,2010-02-22 00:00:00
N.E.C.,,47,46,78,48,32,54,33,31,2011-02-22 00:00:00
N.E.C.,,46,38,55,39,50,48,45,53,2012-02-22 00:00:00
N.E.C.,,46,41,37,52,57,48,45,53,2013-09-20 00:00:00
N.E.C.,42,49,59,49,52,55,48,40,53,2014-09-19 00:00:00
NAC Breda,,30,35,40,35,60,30,30,30,2010-02-22 00:00:00
NAC Breda,,33,44,40,35,60,47,42,54,2011-02-22 00:00:00
NAC Breda,,40,48,47,48,42,48,43,50,2012-02-22 00:00:00
NAC Breda,,58,53,47,48,46,48,43,50,2013-09-20 00:00:00
NAC Breda,44,46,54,42,32,42,39,43,50,2014-09-19 00:00:00
NAC Breda,49,45,59,42,32,54,39,36,40,2015-09-10 00:00:00
Napoli,,70,30,35,30,70,70,50,45,2010-02-22 00:00:00
Napoli,,50,35,65,65,50,70,50,45,2011-02-22 00:00:00
Napoli,,60,50,65,65,50,55,45,50,2012-02-22 00:00:00
Napoli,,68,52,69,68,53,57,44,53,2013-09-20 00:00:00
Napoli,74,72,34,66,76,73,59,61,39,2014-09-19 00:00:00
Napoli,70,53,37,54,68,67,57,47,53,2015-09-10 00:00:00
Naval 1° de Maio,,30,30,50,45,70,30,30,30,2010-02-22 00:00:00
Naval 1° de Maio,,50,65,50,35,50,41,45,35,2011-02-22 00:00:00
Neuchâtel Xamax,,60,45,70,60,60,45,50,55,2010-02-22 00:00:00
Neuchâtel Xamax,,54,47,48,37,53,45,49,52,2011-02-22 00:00:00
Neuchâtel Xamax,,49,50,48,39,34,31,34,51,2012-02-22 00:00:00
Newcastle United,,70,60,70,65,60,65,45,45,2010-02-22 00:00:00
Newcastle United,,55,50,50,60,60,45,45,50,2011-02-22 00:00:00
Newcastle United,,54,54,68,54,48,48,52,42,2012-02-22 00:00:00
Newcastle United,,58,72,51,48,46,39,41,51,2013-09-20 00:00:00
Newcastle United,33,54,47,51,47,39,54,56,51,2014-09-19 00:00:00
Newcastle United,45,58,49,54,47,46,39,41,51,2015-09-10 00:00:00
Norwich City,,65,70,70,70,55,70,60,70,2010-02-22 00:00:00
Norwich City,,49,52,64,48,66,54,34,48,2011-02-22 00:00:00
Norwich City,,63,61,76,42,62,50,40,42,2012-02-22 00:00:00
Norwich City,,70,70,67,56,48,43,40,53,2013-09-20 00:00:00
Norwich City,28,45,64,67,55,42,43,40,51,2014-09-19 00:00:00
Norwich City,38,45,55,54,46,47,39,38,51,2015-09-10 00:00:00
Novara,,53,35,64,50,49,51,60,40,2011-02-22 00:00:00
Novara,,55,50,50,50,50,45,35,50,2012-02-22 00:00:00
Novara,,66,62,55,56,61,49,36,62,2013-09-20 00:00:00
Novara,57,66,56,55,56,57,49,36,53,2014-09-19 00:00:00
OGC Nice,,70,70,30,60,65,70,70,70,2010-02-22 00:00:00
OGC Nice,,50,50,50,50,65,45,45,35,2011-02-22 00:00:00
OGC Nice,,48,66,51,49,34,47,26,64,2012-02-22 00:00:00
OGC Nice,,48,66,66,49,34,47,56,64,2013-09-20 00:00:00
OGC Nice,61,48,66,66,49,34,47,56,64,2014-09-19 00:00:00
OGC Nice,55,48,53,66,49,38,47,57,61,2015-09-10 00:00:00
Odra Wodzisław,,30,45,40,45,70,70,70,65,2010-02-22 00:00:00
Olympique Lyonnais,,60,40,45,70,70,60,70,70,2010-02-22 00:00:00
Olympique Lyonnais,,65,50,50,50,80,45,45,65,2011-02-22 00:00:00
Olympique Lyonnais,,49,52,54,49,67,47,46,47,2012-02-22 00:00:00
Olympique Lyonnais,,49,52,54,49,67,47,46,47,2013-09-20 00:00:00
Olympique Lyonnais,60,49,52,54,49,67,47,46,47,2014-09-19 00:00:00
Olympique Lyonnais,60,49,52,54,49,67,47,46,47,2015-09-10 00:00:00
Olympique de Marseille,,55,45,65,70,70,70,65,65,2010-02-22 00:00:00
Olympique de Marseille,,65,35,65,65,80,55,55,65,2011-02-22 00:00:00
Olympique de Marseille,,48,50,51,49,48,48,44,51,2012-02-22 00:00:00
Olympique de Marseille,,48,50,77,49,64,48,44,54,2013-09-20 00:00:00
Olympique de Marseille,62,51,50,69,49,68,48,48,60,2014-09-19 00:00:00
Olympique de Marseille,77,51,41,69,49,31,48,48,60,2015-09-10 00:00:00
Oud-Heverlee Leuven,,52,50,53,50,54,44,43,50,2012-02-22 00:00:00
Oud-Heverlee Leuven,,52,50,53,50,54,44,43,50,2013-09-20 00:00:00
Oud-Heverlee Leuven,51,52,50,53,50,54,44,43,50,2014-09-19 00:00:00
P. Warszawa,,30,40,40,45,70,65,55,55,2010-02-22 00:00:00
P. Warszawa,,33,47,40,69,53,34,55,51,2011-02-22 00:00:00
P. Warszawa,,34,45,67,39,74,32,31,50,2012-02-22 00:00:00
P. Warszawa,,34,45,52,39,40,32,57,50,2013-09-20 00:00:00
PEC Zwolle,,47,49,50,50,54,44,46,51,2013-09-20 00:00:00
PEC Zwolle,41,57,39,50,57,54,60,58,63,2014-09-19 00:00:00
PEC Zwolle,35,45,56,50,57,58,60,58,63,2015-09-10 00:00:00
PSV,,30,30,52,33,70,30,30,30,2010-02-22 00:00:00
PSV,,63,30,65,67,68,37,57,64,2011-02-22 00:00:00
PSV,,33,42,55,40,48,30,43,48,2012-02-22 00:00:00
PSV,,54,45,58,55,55,50,43,48,2013-09-20 00:00:00
PSV,35,67,40,53,53,55,62,50,55,2014-09-19 00:00:00
PSV,43,67,43,44,53,28,40,40,48,2015-09-10 00:00:00
Palermo,,63,50,30,30,70,40,45,60,2010-02-22 00:00:00
Palermo,,65,35,65,50,50,45,35,50,2011-02-22 00:00:00
Palermo,,60,40,35,50,65,45,45,50,2012-02-22 00:00:00
Palermo,,66,37,34,56,63,42,43,48,2013-09-20 00:00:00
Palermo,55,66,37,34,56,63,42,43,48,2014-09-19 00:00:00
Palermo,66,66,36,34,60,64,58,44,50,2015-09-10 00:00:00
Paris Saint-Germain,,50,65,65,40,55,70,70,70,2010-02-22 00:00:00
Paris Saint-Germain,,35,35,35,35,50,55,45,65,2011-02-22 00:00:00
Paris Saint-Germain,,49,41,52,62,60,46,49,52,2012-02-22 00:00:00
Paris Saint-Germain,,49,41,52,62,60,46,49,52,2013-09-20 00:00:00
Paris Saint-Germain,70,49,55,61,62,68,53,57,56,2014-09-19 00:00:00
Paris Saint-Germain,47,49,34,61,62,35,53,57,56,2015-09-10 00:00:00
Parma,,30,30,60,40,70,30,45,70,2010-02-22 00:00:00
Parma,,50,30,55,48,65,47,45,50,2011-02-22 00:00:00
Parma,,45,35,65,50,50,45,45,50,2012-02-22 00:00:00
Parma,,48,33,62,46,45,43,39,46,2013-09-20 00:00:00
Parma,71,48,33,62,69,45,66,54,46,2014-09-19 00:00:00
Parma,66,48,33,62,69,45,43,43,46,2015-09-10 00:00:00
Partick Thistle F.C.,50,48,37,50,49,52,44,47,52,2014-09-19 00:00:00
Partick Thistle F.C.,48,48,47,53,47,60,46,46,49,2015-09-10 00:00:00
Pescara,,50,60,50,35,35,60,35,50,2011-02-22 00:00:00
Pescara,,65,65,50,65,65,45,45,35,2012-02-22 00:00:00
Pescara,,55,40,47,58,36,48,44,48,2013-09-20 00:00:00
Pescara,52,64,36,64,51,54,46,26,48,2014-09-19 00:00:00
Pescara,31,64,53,49,41,41,46,39,43,2015-09-10 00:00:00
Piast Gliwice,,30,45,35,45,70,70,65,60,2010-02-22 00:00:00
Piast Gliwice,,30,46,37,48,39,45,32,48,2013-09-20 00:00:00
Piast Gliwice,52,64,67,66,64,39,45,36,48,2014-09-19 00:00:00
Piast Gliwice,52,64,67,66,64,39,45,36,48,2015-09-10 00:00:00
Podbeskidzie Bielsko-Biała,,54,51,47,48,42,57,47,48,2012-02-22 00:00:00
Podbeskidzie Bielsko-Biała,,54,51,47,48,42,57,47,48,2013-09-20 00:00:00
Podbeskidzie Bielsko-Biała,55,72,66,51,66,49,35,29,38,2014-09-19 00:00:00
Podbeskidzie Bielsko-Biała,55,68,66,51,66,49,35,29,38,2015-09-10 00:00:00
Pogoń Szczecin,,67,54,62,56,67,47,47,63,2013-09-20 00:00:00
Pogoń Szczecin,48,50,36,36,52,52,60,50,47,2014-09-19 00:00:00
Pogoń Szczecin,33,50,36,40,52,52,54,57,47,2015-09-10 00:00:00
Polonia Bytom,,30,50,35,45,70,70,60,55,2010-02-22 00:00:00
Polonia Bytom,,30,50,35,45,70,70,60,55,2010-02-22 00:00:00
Polonia Bytom,,46,38,33,36,53,54,53,55,2011-02-22 00:00:00
Polonia Bytom,,46,38,33,36,53,54,53,55,2011-02-22 00:00:00
Polonia Bytom,,30,50,35,45,70,70,60,55,2010-02-22 00:00:00
Polonia Bytom,,30,50,35,45,70,70,60,55,2010-02-22 00:00:00
Polonia Bytom,,46,38,33,36,53,54,53,55,2011-02-22 00:00:00
Polonia Bytom,,46,38,33,36,53,54,53,55,2011-02-22 00:00:00
Portsmouth,,70,70,70,70,55,70,40,40,2010-02-22 00:00:00
Portsmouth,,36,48,66,48,51,44,36,48,2011-02-22 00:00:00
Portsmouth,,64,59,42,40,56,51,49,44,2012-02-22 00:00:00
Portsmouth,,68,62,47,40,56,51,49,44,2013-09-20 00:00:00
Portsmouth,32,59,57,47,49,53,40,39,44,2014-09-19 00:00:00
Portsmouth,32,59,57,47,49,53,40,39,44,2015-09-10 00:00:00
Queens Park Rangers,,70,70,70,70,70,70,70,70,2010-02-22 00:00:00
Queens Park Rangers,,51,49,48,36,52,43,44,40,2011-02-22 00:00:00
Queens Park Rangers,,57,58,48,60,48,51,42,44,2012-02-22 00:00:00
Queens Park Rangers,,58,54,39,53,54,47,49,44,2013-09-20 00:00:00
Queens Park Rangers,36,52,53,54,53,54,44,50,54,2014-09-19 00:00:00
Queens Park Rangers,39,30,61,53,53,60,44,50,54,2015-09-10 00:00:00
RAEC Mons,,50,50,48,55,46,45,46,47,2012-02-22 00:00:00
RAEC Mons,,50,50,67,55,46,45,46,47,2013-09-20 00:00:00
RAEC Mons,50,55,55,67,55,46,45,46,47,2014-09-19 00:00:00
RC Celta de Vigo,,35,30,45,45,70,30,35,50,2010-02-22 00:00:00
RC Celta de Vigo,,43,44,45,53,60,41,40,47,2011-02-22 00:00:00
RC Celta de Vigo,,53,62,68,59,52,52,42,68,2012-02-22 00:00:00
RC Celta de Vigo,,53,62,68,59,52,52,42,68,2013-09-20 00:00:00
RC Celta de Vigo,54,53,62,68,59,52,52,42,65,2014-09-19 00:00:00
RC Celta de Vigo,59,55,38,48,41,50,55,55,59,2015-09-10 00:00:00
RC Deportivo de La Coruña,,30,30,45,30,65,35,35,45,2010-02-22 00:00:00
RC Deportivo de La Coruña,,56,42,69,57,61,44,38,69,2011-02-22 00:00:00
RC Deportivo de La Coruña,,56,46,52,38,68,50,45,59,2012-02-22 00:00:00
RC Deportivo de La Coruña,,56,46,52,38,68,50,45,59,2013-09-20 00:00:00
RC Deportivo de La Coruña,55,56,46,52,38,68,50,45,59,2014-09-19 00:00:00
RC Deportivo de La Coruña,55,53,47,52,38,55,50,45,59,2015-09-10 00:00:00
RC Lens,,30,30,50,60,70,60,70,70,2010-02-22 00:00:00
RC Lens,,65,50,65,50,65,55,45,50,2011-02-22 00:00:00
RC Lens,,64,49,53,49,34,44,46,49,2012-02-22 00:00:00
RC Lens,,64,49,53,49,37,44,42,49,2013-09-20 00:00:00
RC Lens,52,64,49,53,49,34,44,46,49,2014-09-19 00:00:00
RC Lens,44,64,50,53,49,46,44,46,49,2015-09-10 00:00:00
RC Recreativo,,50,40,40,40,50,55,35,40,2010-02-22 00:00:00
RC Recreativo,,45,58,42,41,52,39,39,66,2011-02-22 00:00:00
RC Recreativo,,41,54,50,67,23,49,40,62,2012-02-22 00:00:00
RC Recreativo,,41,54,50,45,23,49,40,62,2013-09-20 00:00:00
RC Recreativo,53,41,54,50,45,35,49,40,62,2014-09-19 00:00:00
RC Recreativo,38,37,43,42,30,37,49,40,54,2015-09-10 00:00:00
RCD Espanyol,,55,40,55,70,70,50,70,60,2010-02-22 00:00:00
RCD Espanyol,,68,55,70,72,54,58,51,56,2011-02-22 00:00:00
RCD Espanyol,,46,44,60,52,40,40,37,45,2012-02-22 00:00:00
RCD Espanyol,,50,44,60,52,40,40,37,45,2013-09-20 00:00:00
RCD Espanyol,52,50,44,60,52,40,40,37,45,2014-09-19 00:00:00
RCD Espanyol,52,50,44,60,52,40,40,37,45,2015-09-10 00:00:00
RCD Mallorca,,40,40,40,50,50,40,45,45,2010-02-22 00:00:00
RCD Mallorca,,53,52,52,55,53,48,47,55,2011-02-22 00:00:00
RCD Mallorca,,58,57,57,53,53,41,59,56,2012-02-22 00:00:00
RCD Mallorca,,62,57,57,53,53,41,59,56,2013-09-20 00:00:00
RCD Mallorca,53,62,57,57,53,53,41,59,56,2014-09-19 00:00:00
RCD Mallorca,53,62,57,57,53,53,41,59,56,2015-09-10 00:00:00
RKC Waalwijk,,30,50,60,35,55,45,50,55,2010-02-22 00:00:00
RKC Waalwijk,,47,48,38,42,55,41,41,43,2012-02-22 00:00:00
RKC Waalwijk,,47,48,38,66,55,28,29,36,2013-09-20 00:00:00
RKC Waalwijk,30,57,55,36,42,55,30,31,38,2014-09-19 00:00:00
RSC Anderlecht,,50,35,50,70,60,50,70,70,2010-02-22 00:00:00
RSC Anderlecht,,50,52,50,70,60,50,70,70,2011-02-22 00:00:00
RSC Anderlecht,,52,41,57,53,47,43,45,52,2012-02-22 00:00:00
RSC Anderlecht,,52,41,67,68,47,43,60,65,2013-09-20 00:00:00
RSC Anderlecht,46,52,51,53,60,47,50,60,65,2014-09-19 00:00:00
RSC Anderlecht,46,52,51,53,60,47,50,53,61,2015-09-10 00:00:00
Racing Santander,,45,55,70,70,65,55,45,50,2010-02-22 00:00:00
Racing Santander,,53,56,72,73,39,37,47,53,2011-02-22 00:00:00
Racing Santander,,43,44,71,61,50,50,50,68,2012-02-22 00:00:00
Racing Santander,,47,44,71,61,50,50,50,68,2013-09-20 00:00:00
Racing Santander,52,48,47,53,53,53,47,51,53,2015-09-10 00:00:00
Rangers,,65,50,70,70,70,70,60,70,2010-02-22 00:00:00
Rangers,,51,33,67,48,79,47,46,51,2011-02-22 00:00:00
Rangers,,45,45,62,38,60,48,48,62,2012-02-22 00:00:00
Rangers,,55,45,52,38,60,48,48,52,2013-09-20 00:00:00
Rangers,49,45,45,62,38,60,48,48,62,2014-09-19 00:00:00
Rangers,53,45,55,62,38,53,48,48,55,2015-09-10 00:00:00
Rayo Vallecano,,40,30,50,35,70,50,30,40,2010-02-22 00:00:00
Rayo Vallecano,,53,55,56,44,61,52,58,68,2011-02-22 00:00:00
Rayo Vallecano,,41,44,44,44,47,51,63,59,2012-02-22 00:00:00
Rayo Vallecano,,45,44,44,44,47,51,63,59,2013-09-20 00:00:00
Rayo Vallecano,52,45,44,44,44,47,51,63,59,2014-09-19 00:00:00
Rayo Vallecano,52,29,44,44,44,47,52,54,63,2015-09-10 00:00:00
Reading,,70,70,70,70,70,60,70,70,2010-02-22 00:00:00
Reading,,49,36,73,57,55,31,49,67,2011-02-22 00:00:00
Reading,,49,49,58,46,56,51,49,45,2012-02-22 00:00:00
Reading,,49,61,58,55,37,44,39,52,2013-09-20 00:00:00
Reading,26,44,72,39,71,37,52,58,52,2014-09-19 00:00:00
Reading,36,44,64,65,62,42,47,51,52,2015-09-10 00:00:00
Real Betis Balompié,,45,45,50,30,55,45,50,55,2010-02-22 00:00:00
Real Betis Balompié,,37,51,66,68,72,40,42,53,2011-02-22 00:00:00
Real Betis Balompié,,55,37,43,59,53,49,58,58,2012-02-22 00:00:00
Real Betis Balompié,,59,37,43,59,53,49,58,58,2013-09-20 00:00:00
Real Betis Balompié,49,59,37,43,59,53,49,58,58,2014-09-19 00:00:00
Real Betis Balompié,49,59,37,43,59,53,49,58,58,2015-09-10 00:00:00
Real Madrid CF,,55,30,60,70,70,40,65,65,2010-02-22 00:00:00
Real Madrid CF,,54,39,60,67,67,55,68,55,2011-02-22 00:00:00
Real Madrid CF,,45,35,54,71,73,60,49,68,2012-02-22 00:00:00
Real Madrid CF,,50,41,54,68,72,49,39,65,2013-09-20 00:00:00
Real Madrid CF,54,50,41,54,68,69,49,39,65,2014-09-19 00:00:00
Real Madrid CF,57,50,46,41,61,63,60,52,63,2015-09-10 00:00:00
Real Sociedad,,40,30,40,50,70,30,45,35,2010-02-22 00:00:00
Real Sociedad,,54,43,51,54,60,49,49,51,2011-02-22 00:00:00
Real Sociedad,,24,36,52,60,59,53,48,70,2012-02-22 00:00:00
Real Sociedad,,28,36,52,60,59,53,48,70,2013-09-20 00:00:00
Real Sociedad,52,35,36,52,60,59,53,48,65,2014-09-19 00:00:00
Real Sociedad,52,60,50,60,54,52,53,49,53,2015-09-10 00:00:00
Real Sporting de Gijón,,70,55,50,65,70,70,70,55,2010-02-22 00:00:00
Real Sporting de Gijón,,68,53,51,67,65,51,58,55,2011-02-22 00:00:00
Real Sporting de Gijón,,51,43,61,68,44,60,36,39,2012-02-22 00:00:00
Real Sporting de Gijón,,55,43,61,68,44,60,36,39,2013-09-20 00:00:00
Real Sporting de Gijón,48,55,43,61,68,44,60,36,39,2014-09-19 00:00:00
Real Sporting de Gijón,48,55,50,59,62,38,54,45,41,2015-09-10 00:00:00
Real Valladolid,,55,40,30,45,60,65,30,30,2010-02-22 00:00:00
Real Valladolid,,54,55,60,44,62,52,43,59,2011-02-22 00:00:00
Real Valladolid,,55,54,73,58,41,50,51,60,2012-02-22 00:00:00
Real Valladolid,,55,54,73,58,41,50,51,60,2013-09-20 00:00:00
Real Valladolid,44,55,54,68,58,41,50,51,60,2014-09-19 00:00:00
Real Valladolid,40,43,65,51,39,57,40,47,47,2015-09-10 00:00:00
Real Zaragoza,,30,30,35,50,70,30,40,45,2010-02-22 00:00:00
Real Zaragoza,,43,40,38,46,42,40,38,53,2011-02-22 00:00:00
Real Zaragoza,,34,23,56,53,57,46,51,61,2012-02-22 00:00:00
Real Zaragoza,,38,23,56,53,57,46,51,61,2013-09-20 00:00:00
Real Zaragoza,48,38,35,56,53,57,46,51,61,2014-09-19 00:00:00
Real Zaragoza,52,52,50,56,52,57,43,48,49,2015-09-10 00:00:00
Reggio Calabria,,55,30,30,30,70,50,40,50,2010-02-22 00:00:00
Reggio Calabria,,55,30,30,30,49,50,40,50,2011-02-22 00:00:00
Reggio Calabria,,50,50,65,50,50,45,35,50,2012-02-22 00:00:00
Reggio Calabria,,52,56,74,57,55,48,38,52,2013-09-20 00:00:00
Reggio Calabria,55,52,56,74,57,53,48,38,52,2014-09-19 00:00:00
Rio Ave FC,,30,30,55,45,60,30,30,30,2010-02-22 00:00:00
Rio Ave FC,,50,50,65,65,50,45,45,50,2011-02-22 00:00:00
Rio Ave FC,,36,38,54,60,54,50,39,42,2012-02-22 00:00:00
Rio Ave FC,,36,38,54,60,54,50,39,42,2013-09-20 00:00:00
Rio Ave FC,47,66,44,65,58,54,48,39,66,2014-09-19 00:00:00
Rio Ave FC,47,66,44,65,58,54,48,39,66,2015-09-10 00:00:00
Roda JC Kerkrade,,30,35,50,35,70,30,30,30,2010-02-22 00:00:00
Roda JC Kerkrade,,65,51,38,33,53,57,48,34,2011-02-22 00:00:00
Roda JC Kerkrade,,55,52,43,62,54,44,47,50,2012-02-22 00:00:00
Roda JC Kerkrade,,42,44,40,49,38,44,47,55,2013-09-20 00:00:00
Roda JC Kerkrade,46,43,44,45,59,42,37,39,42,2014-09-19 00:00:00
Roma,,70,30,60,60,70,30,55,70,2010-02-22 00:00:00
Roma,,64,30,50,67,65,47,46,50,2011-02-22 00:00:00
Roma,,60,40,35,65,50,45,35,50,2012-02-22 00:00:00
Roma,,53,55,75,77,56,47,49,53,2013-09-20 00:00:00
Roma,48,67,38,64,73,56,57,36,34,2014-09-19 00:00:00
Roma,27,68,47,54,71,66,57,36,48,2015-09-10 00:00:00
Ross County FC,,35,62,36,50,50,56,40,47,2013-09-20 00:00:00
Ross County FC,50,34,34,38,44,38,51,39,44,2014-09-19 00:00:00
Ross County FC,48,45,60,49,46,58,53,36,34,2015-09-10 00:00:00
Royal Excel Mouscron,50,50,50,50,50,50,45,45,50,2015-09-10 00:00:00
Royal Excel Mouscron,50,50,50,50,50,50,45,45,50,2015-09-10 00:00:00
Royal Excel Mouscron,50,50,50,50,50,50,45,45,50,2015-09-10 00:00:00
Royal Excel Mouscron,50,50,50,50,50,50,45,45,50,2015-09-10 00:00:00
Royal Excel Mouscron,50,50,50,50,50,50,45,45,50,2015-09-10 00:00:00
Royal Excel Mouscron,50,50,50,50,50,50,45,45,50,2015-09-10 00:00:00
Ruch Chorzów,,30,40,35,50,70,60,65,50,2010-02-22 00:00:00
Ruch Chorzów,,48,51,67,68,51,48,46,50,2011-02-22 00:00:00
Ruch Chorzów,,53,55,65,44,50,44,43,49,2012-02-22 00:00:00
Ruch Chorzów,,53,55,65,44,50,44,43,49,2013-09-20 00:00:00
Ruch Chorzów,48,53,38,65,66,50,44,43,49,2014-09-19 00:00:00
Ruch Chorzów,48,47,38,65,61,50,44,43,49,2015-09-10 00:00:00
S.C. Olhanense,,45,55,60,50,45,45,50,60,2010-02-22 00:00:00
S.C. Olhanense,,65,55,50,50,65,45,50,35,2011-02-22 00:00:00
S.C. Olhanense,,45,40,37,53,44,24,37,44,2012-02-22 00:00:00
S.C. Olhanense,,45,52,37,53,43,31,37,44,2013-09-20 00:00:00
S.C. Olhanense,62,45,40,37,53,44,24,37,44,2014-09-19 00:00:00
SC Bastia,,40,45,35,50,55,70,70,70,2010-02-22 00:00:00
SC Bastia,,50,50,51,50,49,45,44,50,2012-02-22 00:00:00
SC Bastia,,50,50,51,50,49,45,44,50,2013-09-20 00:00:00
SC Bastia,61,67,43,51,56,49,47,39,48,2014-09-19 00:00:00
SC Bastia,61,61,52,51,56,49,55,44,48,2015-09-10 00:00:00
SC Beira Mar,,48,46,50,50,57,55,47,53,2011-02-22 00:00:00
SC Beira Mar,,39,48,53,53,59,52,37,61,2012-02-22 00:00:00
SC Beira Mar,,39,48,53,53,59,52,37,61,2013-09-20 00:00:00
SC Braga,,30,30,50,55,60,30,30,30,2010-02-22 00:00:00
SC Braga,,30,30,50,55,60,60,40,50,2011-02-22 00:00:00
SC Braga,,53,46,53,53,52,48,23,39,2012-02-22 00:00:00
SC Braga,,66,54,53,53,52,56,25,39,2013-09-20 00:00:00
SC Braga,35,53,55,65,53,39,56,25,39,2014-09-19 00:00:00
SC Braga,35,55,55,65,62,39,56,25,39,2015-09-10 00:00:00
SC Cambuur,39,45,42,56,46,57,49,42,47,2014-09-19 00:00:00
SC Cambuur,36,43,57,50,46,38,49,42,47,2015-09-10 00:00:00
SC Freiburg,,50,30,70,30,60,50,55,50,2010-02-22 00:00:00
SC Freiburg,,50,47,41,47,34,42,41,50,2011-02-22 00:00:00
SC Freiburg,,52,61,50,62,42,50,30,39,2012-02-22 00:00:00
SC Freiburg,,59,38,39,55,43,62,53,37,2013-09-20 00:00:00
SC Freiburg,58,39,48,33,55,44,60,59,39,2014-09-19 00:00:00
SC Freiburg,54,59,38,44,55,45,62,53,29,2015-09-10 00:00:00
SC Heerenveen,,35,30,45,45,60,30,30,30,2010-02-22 00:00:00
SC Heerenveen,,49,48,67,52,52,60,58,65,2011-02-22 00:00:00
SC Heerenveen,,67,53,75,48,39,44,45,48,2012-02-22 00:00:00
SC Heerenveen,,47,37,52,48,42,44,46,48,2013-09-20 00:00:00
SC Heerenveen,48,53,46,43,65,46,44,46,48,2014-09-19 00:00:00
SC Heerenveen,40,54,56,43,65,44,44,46,48,2015-09-10 00:00:00
SC Paderborn 07,,70,49,34,50,55,48,30,30,2010-02-22 00:00:00
SC Paderborn 07,,52,48,37,49,55,48,36,40,2011-02-22 00:00:00
SC Paderborn 07,,67,59,48,52,68,52,33,53,2012-02-22 00:00:00
SC Paderborn 07,,67,59,48,52,68,52,40,53,2013-09-20 00:00:00
SC Paderborn 07,46,73,55,48,52,63,55,33,53,2014-09-19 00:00:00
SC Paderborn 07,46,67,62,48,56,56,29,25,54,2015-09-10 00:00:00
SD Eibar,51,62,52,55,60,64,56,37,49,2014-09-19 00:00:00
SD Eibar,51,62,52,55,59,52,56,37,49,2015-09-10 00:00:00
SL Benfica,,30,30,55,50,65,30,30,30,2010-02-22 00:00:00
SL Benfica,,65,35,55,65,51,56,55,60,2011-02-22 00:00:00
SL Benfica,,55,48,56,69,54,51,61,57,2012-02-22 00:00:00
SL Benfica,,65,54,56,69,54,58,60,57,2013-09-20 00:00:00
SL Benfica,55,70,53,66,65,54,57,60,54,2014-09-19 00:00:00
SL Benfica,55,69,53,66,65,54,57,60,54,2015-09-10 00:00:00
SM Caen,,65,30,65,50,40,65,70,70,2010-02-22 00:00:00
SM Caen,,65,35,65,35,65,45,55,65,2011-02-22 00:00:00
SM Caen,,48,52,54,48,53,45,47,51,2012-02-22 00:00:00
SM Caen,,48,52,54,48,53,45,47,51,2013-09-20 00:00:00
SM Caen,50,62,45,54,48,53,42,43,51,2014-09-19 00:00:00
SM Caen,50,62,45,54,48,53,42,43,51,2015-09-10 00:00:00
SV Darmstadt 98,43,59,77,77,52,45,56,32,41,2015-09-10 00:00:00
SV Werder Bremen,,70,40,40,70,70,65,70,70,2010-02-22 00:00:00
SV Werder Bremen,,64,40,48,65,64,48,64,68,2011-02-22 00:00:00
SV Werder Bremen,,54,40,58,68,48,50,49,65,2012-02-22 00:00:00
SV Werder Bremen,,68,33,67,71,78,50,60,64,2013-09-20 00:00:00
SV Werder Bremen,55,40,47,40,37,51,50,40,45,2014-09-19 00:00:00
SV Werder Bremen,55,56,63,66,68,58,47,63,73,2015-09-10 00:00:00
SV Zulte-Waregem,,65,60,40,60,50,60,70,70,2010-02-22 00:00:00
SV Zulte-Waregem,,52,52,48,52,53,48,46,53,2011-02-22 00:00:00
SV Zulte-Waregem,,54,51,52,47,50,55,44,53,2012-02-22 00:00:00
SV Zulte-Waregem,,54,51,52,47,32,58,44,37,2013-09-20 00:00:00
SV Zulte-Waregem,42,54,51,52,47,32,58,44,37,2014-09-19 00:00:00
SV Zulte-Waregem,42,54,51,52,47,32,58,44,37,2015-09-10 00:00:00
Sampdoria,,60,30,30,30,65,30,50,55,2010-02-22 00:00:00
Sampdoria,,50,65,65,65,50,45,35,55,2011-02-22 00:00:00
Sampdoria,,35,35,65,35,35,45,45,50,2012-02-22 00:00:00
Sampdoria,,36,38,62,49,33,51,50,53,2013-09-20 00:00:00
Sampdoria,56,36,38,52,49,62,57,54,64,2014-09-19 00:00:00
Sampdoria,56,36,38,52,49,29,51,50,53,2015-09-10 00:00:00
Sassuolo,,30,30,30,30,60,30,30,30,2010-02-22 00:00:00
Sassuolo,,50,50,61,50,60,30,45,30,2011-02-22 00:00:00
Sassuolo,,50,50,50,50,50,45,35,50,2012-02-22 00:00:00
Sassuolo,,57,60,63,56,64,47,38,53,2013-09-20 00:00:00
Sassuolo,71,57,60,57,66,63,47,54,36,2014-09-19 00:00:00
Sassuolo,65,57,60,57,56,56,47,38,53,2015-09-10 00:00:00
Servette FC,,30,55,70,45,60,60,55,55,2010-02-22 00:00:00
Servette FC,,48,51,66,53,45,45,49,49,2012-02-22 00:00:00
Servette FC,,48,51,66,53,45,45,49,49,2013-09-20 00:00:00
Sevilla FC,,30,30,60,70,70,70,60,65,2010-02-22 00:00:00
Sevilla FC,,68,58,67,68,71,58,57,68,2011-02-22 00:00:00
Sevilla FC,,61,65,57,53,38,49,38,55,2012-02-22 00:00:00
Sevilla FC,,65,65,57,53,38,49,38,55,2013-09-20 00:00:00
Sevilla FC,53,65,65,57,53,38,49,38,55,2014-09-19 00:00:00
Sevilla FC,53,53,53,52,53,60,48,42,59,2015-09-10 00:00:00
Siena,,35,30,30,30,55,65,40,55,2010-02-22 00:00:00
Siena,,50,50,65,50,55,45,40,55,2011-02-22 00:00:00
Siena,,45,50,50,50,50,45,45,50,2012-02-22 00:00:00
Siena,,47,48,56,54,52,49,37,51,2013-09-20 00:00:00
Siena,49,47,48,67,64,52,49,44,51,2014-09-19 00:00:00
Sint-Truidense VV,,50,50,50,50,50,50,50,50,2010-02-22 00:00:00
Sint-Truidense VV,,53,53,52,48,53,46,46,46,2011-02-22 00:00:00
Sint-Truidense VV,,52,55,55,52,47,40,32,41,2012-02-22 00:00:00
Southampton,,70,55,70,70,65,70,70,70,2010-02-22 00:00:00
Southampton,,52,37,49,48,47,43,43,48,2011-02-22 00:00:00
Southampton,,47,52,56,54,60,52,48,44,2012-02-22 00:00:00
Southampton,,47,38,56,52,58,63,57,44,2013-09-20 00:00:00
Southampton,41,47,40,56,42,51,64,62,44,2014-09-19 00:00:00
Southampton,31,52,46,54,42,30,65,50,44,2015-09-10 00:00:00
SpVgg Greuther Fürth,,55,45,70,30,70,55,40,60,2010-02-22 00:00:00
SpVgg Greuther Fürth,,59,40,54,56,48,46,59,53,2011-02-22 00:00:00
SpVgg Greuther Fürth,,68,45,44,54,43,56,48,66,2012-02-22 00:00:00
SpVgg Greuther Fürth,,57,53,49,54,46,56,36,33,2013-09-20 00:00:00
SpVgg Greuther Fürth,60,66,38,40,56,52,48,49,62,2014-09-19 00:00:00
SpVgg Greuther Fürth,60,54,53,49,54,46,56,48,66,2015-09-10 00:00:00
Sparta Rotterdam,,35,40,45,30,65,30,30,30,2010-02-22 00:00:00
Sporting CP,,30,30,60,55,55,30,30,30,2010-02-22 00:00:00
Sporting CP,,50,35,65,65,35,45,55,50,2011-02-22 00:00:00
Sporting CP,,53,56,68,67,69,49,52,54,2012-02-22 00:00:00
Sporting CP,,53,56,68,67,60,49,52,54,2013-09-20 00:00:00
Sporting CP,65,55,56,50,42,55,60,60,54,2014-09-19 00:00:00
Sporting CP,65,57,56,50,42,55,60,60,54,2015-09-10 00:00:00
Sporting Charleroi,,40,50,43,45,60,70,70,70,2010-02-22 00:00:00
Sporting Charleroi,,47,36,33,34,53,58,49,48,2011-02-22 00:00:00
Sporting Charleroi,,60,53,50,48,48,48,42,49,2013-09-20 00:00:00
Sporting Charleroi,47,60,53,50,48,48,48,42,49,2014-09-19 00:00:00
Sporting Charleroi,47,60,53,50,48,48,48,39,49,2015-09-10 00:00:00
Sporting Lokeren,,60,60,40,50,50,65,65,70,2010-02-22 00:00:00
Sporting Lokeren,,66,53,46,48,52,58,48,55,2011-02-22 00:00:00
Sporting Lokeren,,67,52,50,51,50,52,45,52,2012-02-22 00:00:00
Sporting Lokeren,,67,52,50,31,50,52,45,52,2013-09-20 00:00:00
Sporting Lokeren,45,62,52,50,42,62,52,45,52,2014-09-19 00:00:00
Sporting Lokeren,45,62,52,50,42,62,52,45,52,2015-09-10 00:00:00
St. Johnstone FC,,70,50,50,50,50,70,30,30,2010-02-22 00:00:00
St. Johnstone FC,,67,48,47,47,54,47,33,37,2011-02-22 00:00:00
St. Johnstone FC,,57,57,48,46,38,38,42,52,2012-02-22 00:00:00
St. Johnstone FC,,60,58,49,48,38,42,44,56,2013-09-20 00:00:00
St. Johnstone FC,48,56,57,49,47,40,40,40,52,2014-09-19 00:00:00
St. Johnstone FC,52,62,48,49,47,40,48,37,55,2015-09-10 00:00:00
St. Mirren,,70,70,70,70,70,70,60,70,2010-02-22 00:00:00
St. Mirren,,48,48,48,52,48,44,43,51,2011-02-22 00:00:00
St. Mirren,,60,75,45,62,60,48,50,40,2012-02-22 00:00:00
St. Mirren,,42,43,46,47,60,49,53,42,2013-09-20 00:00:00
St. Mirren,50,58,70,56,62,61,49,50,41,2014-09-19 00:00:00
St. Mirren,53,38,33,58,53,53,58,60,48,2015-09-10 00:00:00
Stade Brestois 29,,50,40,40,30,60,70,70,70,2010-02-22 00:00:00
Stade Brestois 29,,65,35,65,50,50,45,55,65,2011-02-22 00:00:00
Stade Brestois 29,,64,62,53,49,66,34,44,51,2012-02-22 00:00:00
Stade Brestois 29,,59,54,53,49,66,34,44,51,2013-09-20 00:00:00
Stade Brestois 29,48,59,54,53,49,66,34,44,51,2014-09-19 00:00:00
Stade Brestois 29,48,59,54,53,49,66,34,44,51,2015-09-10 00:00:00
Stade Rennais FC,,50,45,60,70,60,70,70,70,2010-02-22 00:00:00
Stade Rennais FC,,65,35,65,65,65,45,55,65,2011-02-22 00:00:00
Stade Rennais FC,,64,41,52,49,64,44,46,51,2012-02-22 00:00:00
Stade Rennais FC,,64,41,52,49,64,44,46,51,2013-09-20 00:00:00
Stade Rennais FC,62,64,41,52,49,64,44,46,51,2014-09-19 00:00:00
Stade Rennais FC,62,64,41,52,49,64,44,46,51,2015-09-10 00:00:00
Stade de Reims,,35,50,50,65,50,45,45,50,2011-02-22 00:00:00
Stade de Reims,,61,48,52,48,50,44,33,50,2012-02-22 00:00:00
Stade de Reims,,61,48,52,48,50,44,33,50,2013-09-20 00:00:00
Stade de Reims,58,48,48,52,48,50,44,33,50,2014-09-19 00:00:00
Stade de Reims,37,48,49,52,48,58,44,33,50,2015-09-10 00:00:00
Standard de Liège,,53,40,55,55,65,70,70,65,2010-02-22 00:00:00
Standard de Liège,,68,66,66,53,63,47,59,66,2011-02-22 00:00:00
Standard de Liège,,75,70,58,55,60,60,45,52,2012-02-22 00:00:00
Standard de Liège,,54,62,58,55,60,60,45,52,2013-09-20 00:00:00
Standard de Liège,45,54,62,58,55,60,54,45,52,2014-09-19 00:00:00
Standard de Liège,45,54,62,58,55,60,54,45,52,2015-09-10 00:00:00
Stoke City,,65,70,70,70,55,70,35,35,2010-02-22 00:00:00
Stoke City,,50,80,70,30,35,65,25,50,2011-02-22 00:00:00
Stoke City,,75,75,72,40,55,58,50,45,2012-02-22 00:00:00
Stoke City,,75,73,61,59,38,37,32,41,2013-09-20 00:00:00
Stoke City,24,48,55,57,51,37,40,38,41,2014-09-19 00:00:00
Stoke City,41,48,49,59,51,49,37,44,51,2015-09-10 00:00:00
Sunderland,,60,70,70,70,55,70,35,35,2010-02-22 00:00:00
Sunderland,,55,55,65,55,55,55,45,65,2011-02-22 00:00:00
Sunderland,,67,62,72,44,59,53,47,60,2012-02-22 00:00:00
Sunderland,,57,66,31,56,72,52,47,49,2013-09-20 00:00:00
Sunderland,33,60,61,44,56,58,38,41,53,2014-09-19 00:00:00
Sunderland,43,43,51,50,59,55,45,47,49,2015-09-10 00:00:00
Swansea City,,65,70,70,70,70,70,70,70,2010-02-22 00:00:00
Swansea City,,66,34,51,52,64,47,44,64,2011-02-22 00:00:00
Swansea City,,26,24,39,62,57,58,48,60,2012-02-22 00:00:00
Swansea City,,41,39,42,36,44,58,52,57,2013-09-20 00:00:00
Swansea City,34,63,34,51,34,36,58,51,54,2014-09-19 00:00:00
Swansea City,44,45,42,36,34,55,47,31,42,2015-09-10 00:00:00
TSG 1899 Hoffenheim,,70,30,55,70,55,70,65,65,2010-02-22 00:00:00
TSG 1899 Hoffenheim,,75,35,51,72,68,50,68,52,2011-02-22 00:00:00
TSG 1899 Hoffenheim,,61,53,62,42,54,59,47,40,2012-02-22 00:00:00
TSG 1899 Hoffenheim,,32,53,62,36,64,52,47,45,2013-09-20 00:00:00
TSG 1899 Hoffenheim,49,68,63,38,68,55,57,56,54,2014-09-19 00:00:00
TSG 1899 Hoffenheim,49,69,53,62,66,59,61,63,38,2015-09-10 00:00:00
Torino,,45,35,30,40,70,35,45,55,2010-02-22 00:00:00
Torino,,45,35,47,40,35,45,45,55,2011-02-22 00:00:00
Torino,,50,50,65,50,50,45,35,50,2012-02-22 00:00:00
Torino,,71,36,72,37,53,46,39,52,2013-09-20 00:00:00
Torino,69,76,64,72,64,53,34,39,52,2014-09-19 00:00:00
Torino,69,69,36,69,37,53,46,39,52,2015-09-10 00:00:00
Tottenham Hotspur,,70,50,65,50,50,50,50,50,2010-02-22 00:00:00
Tottenham Hotspur,,60,55,70,70,70,40,30,60,2011-02-22 00:00:00
Tottenham Hotspur,,44,47,63,52,61,44,43,51,2012-02-22 00:00:00
Tottenham Hotspur,,42,46,58,45,68,61,63,57,2013-09-20 00:00:00
Tottenham Hotspur,35,41,38,59,41,62,51,58,56,2014-09-19 00:00:00
Tottenham Hotspur,46,47,40,41,41,63,54,63,56,2015-09-10 00:00:00
Toulouse FC,,35,70,70,45,35,45,30,30,2010-02-22 00:00:00
Toulouse FC,,65,50,50,50,65,55,35,50,2011-02-22 00:00:00
Toulouse FC,,49,53,34,52,36,45,36,49,2012-02-22 00:00:00
Toulouse FC,,49,53,34,52,36,45,36,49,2013-09-20 00:00:00
Toulouse FC,56,49,53,34,52,57,52,36,49,2014-09-19 00:00:00
Toulouse FC,56,49,53,34,52,36,45,36,49,2015-09-10 00:00:00
UD Almería,,65,45,45,45,70,65,70,30,2010-02-22 00:00:00
UD Almería,,55,53,54,57,69,68,58,67,2011-02-22 00:00:00
UD Almería,,42,70,54,57,40,53,37,45,2012-02-22 00:00:00
UD Almería,,46,65,54,57,40,53,37,45,2013-09-20 00:00:00
UD Almería,41,46,65,54,57,40,53,37,45,2014-09-19 00:00:00
UD Almería,41,46,65,54,57,40,53,37,45,2015-09-10 00:00:00
UD Las Palmas,,30,30,40,45,70,45,35,45,2010-02-22 00:00:00
UD Las Palmas,,54,56,61,67,59,56,48,67,2011-02-22 00:00:00
UD Las Palmas,,48,44,42,53,53,39,53,57,2012-02-22 00:00:00
UD Las Palmas,,48,44,42,53,53,39,53,57,2013-09-20 00:00:00
UD Las Palmas,55,48,44,42,53,53,39,53,57,2014-09-19 00:00:00
UD Las Palmas,55,48,44,42,53,53,39,53,57,2015-09-10 00:00:00
US Boulogne Cote D'Opale,,45,30,55,35,60,60,70,70,2010-02-22 00:00:00
US Boulogne Cote D'Opale,,50,35,65,35,65,55,35,65,2011-02-22 00:00:00
US Boulogne Cote D'Opale,,49,37,57,47,50,44,45,66,2012-02-22 00:00:00
Udinese,,64,35,50,30,70,30,35,55,2010-02-22 00:00:00
Udinese,,70,49,50,66,50,45,44,55,2011-02-22 00:00:00
Udinese,,75,45,65,65,50,55,45,50,2012-02-22 00:00:00
Udinese,,78,63,78,69,52,63,40,57,2013-09-20 00:00:00
Udinese,71,71,63,78,69,52,46,40,57,2014-09-19 00:00:00
Udinese,54,68,63,68,69,52,57,40,57,2015-09-10 00:00:00
"União de Leiria, SAD",,50,50,50,50,50,50,50,50,2010-02-22 00:00:00
"União de Leiria, SAD",,50,50,50,50,50,50,50,50,2011-02-22 00:00:00
"União de Leiria, SAD",,36,36,50,52,46,45,53,56,2012-02-22 00:00:00
VVV-Venlo,,50,50,50,50,50,50,50,50,2010-02-22 00:00:00
VVV-Venlo,,50,42,62,50,50,47,38,49,2011-02-22 00:00:00
VVV-Venlo,,41,52,60,48,47,55,46,54,2012-02-22 00:00:00
VVV-Venlo,,41,52,52,60,52,42,29,49,2013-09-20 00:00:00
Valencia CF,,30,30,60,55,70,60,55,60,2010-02-22 00:00:00
Valencia CF,,41,40,55,56,64,48,40,54,2011-02-22 00:00:00
Valencia CF,,20,35,56,38,55,38,51,59,2012-02-22 00:00:00
Valencia CF,,20,35,56,38,55,38,51,59,2013-09-20 00:00:00
Valencia CF,45,30,35,56,38,55,38,51,59,2014-09-19 00:00:00
Valencia CF,46,35,35,51,37,58,45,49,53,2015-09-10 00:00:00
Valenciennes FC,,60,70,60,50,60,55,30,30,2010-02-22 00:00:00
Valenciennes FC,,65,50,65,50,50,45,45,65,2011-02-22 00:00:00
Valenciennes FC,,49,50,60,51,61,57,43,51,2012-02-22 00:00:00
Valenciennes FC,,49,50,76,51,61,57,43,51,2013-09-20 00:00:00
Valenciennes FC,59,49,52,67,51,56,51,47,46,2014-09-19 00:00:00
Valenciennes FC,59,49,52,67,51,56,51,47,46,2015-09-10 00:00:00
VfB Stuttgart,,70,30,70,60,70,50,65,60,2010-02-22 00:00:00
VfB Stuttgart,,64,48,62,60,56,56,45,39,2011-02-22 00:00:00
VfB Stuttgart,,50,42,66,56,48,44,47,43,2012-02-22 00:00:00
VfB Stuttgart,,59,41,66,58,65,52,47,38,2013-09-20 00:00:00
VfB Stuttgart,61,54,53,56,60,48,54,46,40,2014-09-19 00:00:00
VfB Stuttgart,55,59,41,66,58,48,44,41,32,2015-09-10 00:00:00
VfL Bochum,,50,65,45,55,50,60,40,40,2010-02-22 00:00:00
VfL Bochum,,55,56,49,55,52,60,48,56,2011-02-22 00:00:00
VfL Bochum,,40,48,54,51,37,53,34,49,2012-02-22 00:00:00
VfL Bochum,,40,48,54,51,37,53,40,41,2013-09-20 00:00:00
VfL Bochum,54,38,48,54,51,36,53,34,49,2014-09-19 00:00:00
VfL Bochum,38,69,57,40,66,66,47,58,67,2015-09-10 00:00:00
VfL Wolfsburg,,65,45,60,65,70,60,45,50,2010-02-22 00:00:00
VfL Wolfsburg,,65,45,36,65,51,47,58,66,2011-02-22 00:00:00
VfL Wolfsburg,,54,59,56,67,48,40,38,45,2012-02-22 00:00:00
VfL Wolfsburg,,58,57,72,68,70,42,64,55,2013-09-20 00:00:00
VfL Wolfsburg,67,58,45,60,68,54,48,59,47,2014-09-19 00:00:00
VfL Wolfsburg,45,68,57,66,69,50,46,66,55,2015-09-10 00:00:00
Villarreal CF,,64,30,35,55,70,30,65,70,2010-02-22 00:00:00
Villarreal CF,,42,41,38,53,70,48,50,54,2011-02-22 00:00:00
Villarreal CF,,20,26,57,43,58,51,51,56,2012-02-22 00:00:00
Villarreal CF,,24,26,57,43,58,51,51,56,2013-09-20 00:00:00
Villarreal CF,42,35,35,57,43,58,51,51,56,2014-09-19 00:00:00
Villarreal CF,42,48,36,52,36,55,48,47,44,2015-09-10 00:00:00
Vitesse,,35,35,50,40,60,30,30,30,2010-02-22 00:00:00
Vitesse,,33,50,51,68,54,60,55,64,2011-02-22 00:00:00
Vitesse,,37,30,42,57,56,54,42,48,2012-02-22 00:00:00
Vitesse,,37,39,42,52,62,45,42,48,2013-09-20 00:00:00
Vitesse,55,53,32,54,53,56,54,42,62,2014-09-19 00:00:00
Vitesse,40,57,48,37,53,71,58,60,62,2015-09-10 00:00:00
Vitória Guimarães,,30,30,55,55,55,30,30,30,2010-02-22 00:00:00
Vitória Guimarães,,65,47,50,65,49,55,55,48,2011-02-22 00:00:00
Vitória Guimarães,,40,39,68,53,58,59,50,68,2012-02-22 00:00:00
Vitória Guimarães,,40,39,68,53,58,59,50,64,2013-09-20 00:00:00
Vitória Guimarães,52,40,39,62,53,58,40,37,64,2014-09-19 00:00:00
Vitória Guimarães,52,40,39,62,53,58,40,37,64,2015-09-10 00:00:00
Vitória Setúbal,,30,30,50,60,55,30,30,30,2010-02-22 00:00:00
Vitória Setúbal,,50,50,65,50,50,55,35,50,2011-02-22 00:00:00
Vitória Setúbal,,56,42,52,54,52,37,37,58,2012-02-22 00:00:00
Vitória Setúbal,,56,42,52,54,52,37,37,58,2013-09-20 00:00:00
Vitória Setúbal,49,56,42,52,54,52,37,37,58,2014-09-19 00:00:00
Vitória Setúbal,49,58,42,52,54,52,37,37,58,2015-09-10 00:00:00
Waasland-Beveren,,62,53,30,50,54,49,30,35,2013-09-20 00:00:00
Waasland-Beveren,45,38,39,30,29,39,37,25,35,2014-09-19 00:00:00
Waasland-Beveren,45,38,49,42,45,53,32,27,35,2015-09-10 00:00:00
Watford,,70,70,70,70,65,70,70,65,2010-02-22 00:00:00
Watford,,64,53,67,67,48,47,44,66,2011-02-22 00:00:00
Watford,,66,66,60,45,60,50,48,45,2012-02-22 00:00:00
Watford,,67,45,38,45,53,52,38,45,2013-09-20 00:00:00
Watford,43,61,56,44,54,55,52,38,45,2014-09-19 00:00:00
Watford,32,61,52,42,54,45,52,38,45,2015-09-10 00:00:00
West Bromwich Albion,,65,40,70,70,55,70,70,70,2010-02-22 00:00:00
West Bromwich Albion,,60,65,50,40,45,55,35,60,2011-02-22 00:00:00
West Bromwich Albion,,48,48,60,45,54,38,38,52,2012-02-22 00:00:00
West Bromwich Albion,,55,54,53,57,57,31,33,49,2013-09-20 00:00:00
West Bromwich Albion,34,55,51,53,53,57,40,41,49,2014-09-19 00:00:00
West Bromwich Albion,32,62,51,50,53,60,40,41,49,2015-09-10 00:00:00
West Ham United,,58,30,70,31,50,70,30,30,2010-02-22 00:00:00
West Ham United,,35,35,45,30,45,45,45,50,2011-02-22 00:00:00
West Ham United,,63,64,60,44,55,34,30,38,2012-02-22 00:00:00
West Ham United,,72,73,74,61,32,37,30,41,2013-09-20 00:00:00
West Ham United,39,72,73,71,68,32,34,30,41,2014-09-19 00:00:00
West Ham United,37,77,57,73,68,29,37,30,41,2015-09-10 00:00:00
Widzew Łódź,,63,48,68,48,53,58,37,63,2011-02-22 00:00:00
Widzew Łódź,,63,48,68,48,53,58,37,63,2011-02-22 00:00:00
Widzew Łódź,,66,72,61,70,54,32,32,62,2012-02-22 00:00:00
Widzew Łódź,,66,72,61,70,54,32,32,62,2012-02-22 00:00:00
Widzew Łódź,,66,59,61,43,54,43,32,46,2013-09-20 00:00:00
Widzew Łódź,,66,59,61,43,54,43,32,46,2013-09-20 00:00:00
Widzew Łódź,52,66,72,67,66,51,38,36,65,2014-09-19 00:00:00
Widzew Łódź,52,66,72,67,66,51,38,36,65,2014-09-19 00:00:00
Widzew Łódź,,63,48,68,48,53,58,37,63,2011-02-22 00:00:00
Widzew Łódź,,63,48,68,48,53,58,37,63,2011-02-22 00:00:00
Widzew Łódź,,66,72,61,70,54,32,32,62,2012-02-22 00:00:00
Widzew Łódź,,66,72,61,70,54,32,32,62,2012-02-22 00:00:00
Widzew Łódź,,66,59,61,43,54,43,32,46,2013-09-20 00:00:00
Widzew Łódź,,66,59,61,43,54,43,32,46,2013-09-20 00:00:00
Widzew Łódź,52,66,72,67,66,51,38,36,65,2014-09-19 00:00:00
Widzew Łódź,52,66,72,67,66,51,38,36,65,2014-09-19 00:00:00
Wigan Athletic,,70,70,70,70,50,70,35,35,2010-02-22 00:00:00
Wigan Athletic,,35,50,65,45,50,55,45,65,2011-02-22 00:00:00
Wigan Athletic,,38,38,42,54,42,42,40,44,2012-02-22 00:00:00
Wigan Athletic,,38,39,42,43,34,52,56,44,2013-09-20 00:00:00
Wigan Athletic,36,51,51,55,52,57,57,62,44,2014-09-19 00:00:00
Wigan Athletic,37,51,56,59,52,40,48,62,44,2015-09-10 00:00:00
Willem II,,35,30,40,30,65,30,30,30,2010-02-22 00:00:00
Willem II,,72,57,47,70,49,63,28,62,2011-02-22 00:00:00
Willem II,,48,55,53,48,46,35,43,47,2013-09-20 00:00:00
Willem II,36,51,63,53,48,52,45,43,47,2015-09-10 00:00:00
Wisła Kraków,,40,35,35,55,70,70,70,65,2010-02-22 00:00:00
Wisła Kraków,,67,48,63,53,67,47,58,52,2011-02-22 00:00:00
Wisła Kraków,,25,25,72,32,50,58,60,61,2012-02-22 00:00:00
Wisła Kraków,,30,30,72,32,50,58,60,61,2013-09-20 00:00:00
Wisła Kraków,52,47,36,53,36,66,66,60,53,2014-09-19 00:00:00
Wisła Kraków,49,33,37,37,33,31,58,62,37,2015-09-10 00:00:00
Wolverhampton Wanderers,,70,70,70,70,70,70,70,70,2010-02-22 00:00:00
Wolverhampton Wanderers,,55,55,60,60,45,45,45,50,2011-02-22 00:00:00
Wolverhampton Wanderers,,67,68,68,42,56,60,48,45,2012-02-22 00:00:00
Wolverhampton Wanderers,,63,61,73,42,56,48,42,52,2013-09-20 00:00:00
Wolverhampton Wanderers,28,47,58,64,55,56,48,47,52,2014-09-19 00:00:00
Wolverhampton Wanderers,36,46,54,47,55,48,48,47,55,2015-09-10 00:00:00
Xerez Club Deportivo,,30,30,35,45,70,50,45,45,2010-02-22 00:00:00
Xerez Club Deportivo,,40,58,54,56,49,52,46,67,2011-02-22 00:00:00
Xerez Club Deportivo,,60,44,57,40,41,54,49,50,2012-02-22 00:00:00
Xerez Club Deportivo,,60,44,57,40,41,54,49,50,2013-09-20 00:00:00
Zagłębie Lubin,,55,60,40,30,70,70,70,70,2010-02-22 00:00:00
Zagłębie Lubin,,54,37,38,48,37,58,47,52,2011-02-22 00:00:00
Zagłębie Lubin,,33,38,52,67,73,47,58,52,2012-02-22 00:00:00
Zagłębie Lubin,,33,38,52,67,48,47,58,52,2013-09-20 00:00:00
Zagłębie Lubin,49,33,51,63,38,48,38,58,52,2014-09-19 00:00:00
Zawisza Bydgoszcz,51,54,40,49,67,52,47,44,52,2014-09-19 00:00:00
Zawisza Bydgoszcz,51,54,40,49,46,52,47,44,52,2015-09-10 00:00:00
Évian Thonon Gaillard FC,,35,65,65,50,65,55,45,65,2011-02-22 00:00:00
Évian Thonon Gaillard FC,,53,44,52,52,64,56,47,50,2012-02-22 00:00:00
Évian Thonon Gaillard FC,,53,44,52,52,64,56,47,50,2013-09-20 00:00:00
Évian Thonon Gaillard FC,51,61,44,61,52,48,56,47,50,2014-09-19 00:00:00
Évian Thonon Gaillard FC,35,58,56,61,52,51,43,47,50,2015-09-10 00:00:00
Śląsk Wrocław,,30,45,35,45,70,70,60,50,2010-02-22 00:00:00
Śląsk Wrocław,,47,55,48,45,54,47,48,51,2011-02-22 00:00:00
Śląsk Wrocław,,65,63,31,67,67,24,24,39,2012-02-22 00:00:00
Śląsk Wrocław,,65,50,31,67,67,30,30,40,2013-09-20 00:00:00
Śląsk Wrocław,53,47,34,36,38,68,37,37,39,2014-09-19 00:00:00
Śląsk Wrocław,55,50,35,51,51,55,55,45,39,2015-09-10 00:00:00
